facility_id,facility_name,city,facility_type,total_beds
F00001,Healthcare Facility 1,Gwalior,Hospital,385
F00002,Healthcare Facility 2,Agra,Diagnostic Center,391
F00003,Healthcare Facility 3,Agra,Specialty Center,41
F00004,Healthcare Facility 4,Agra,Hospital,164
F00005,Healthcare Facility 5,Agra,Hospital,180
F00006,Healthcare Facility 6,Agra,Clinic,268
F00007,Healthcare Facility 7,Jhansi,Clinic,194
F00008,Healthcare Facility 8,Jaipur,Clinic,107
F00009,Healthcare Facility 9,Morena,Diagnostic Center,418
F00010,Healthcare Facility 10,Delhi,Hospital,496
F00011,Healthcare Facility 11,Bhopal,Diagnostic Center,499
F00012,Healthcare Facility 12,Indore,Hospital,52
F00013,Healthcare Facility 13,Jaipur,Specialty Center,496
F00014,Healthcare Facility 14,Agra,Diagnostic Center,290
F00015,Healthcare Facility 15,Delhi,Hospital,302
F00016,Healthcare Facility 16,Bhopal,Clinic,245
F00017,Healthcare Facility 17,Gwalior,Clinic,464
F00018,Healthcare Facility 18,Jhansi,Specialty Center,471
F00019,Healthcare Facility 19,Jhansi,Diagnostic Center,131
F00020,Healthcare Facility 20,Jaipur,Hospital,101
F00021,Healthcare Facility 21,Gwalior,Clinic,232
F00022,Healthcare Facility 22,Delhi,Hospital,323
F00023,Healthcare Facility 23,Morena,Diagnostic Center,27
F00024,Healthcare Facility 24,Morena,Clinic,153
F00025,Healthcare Facility 25,Jhansi,Specialty Center,466
F00026,Healthcare Facility 26,Delhi,Specialty Center,137
F00027,Healthcare Facility 27,Indore,Diagnostic Center,103
F00028,Healthcare Facility 28,Indore,Diagnostic Center,277
F00029,Healthcare Facility 29,Morena,Hospital,262
F00030,Healthcare Facility 30,Indore,Specialty Center,256
F00031,Healthcare Facility 31,Morena,Diagnostic Center,169
F00032,Healthcare Facility 32,Gwalior,Diagnostic Center,393
F00033,Healthcare Facility 33,Indore,Specialty Center,40
F00034,Healthcare Facility 34,Morena,Hospital,153
F00035,Healthcare Facility 35,Morena,Hospital,398
F00036,Healthcare Facility 36,Delhi,Specialty Center,115
F00037,Healthcare Facility 37,Morena,Specialty Center,473
F00038,Healthcare Facility 38,Indore,Specialty Center,32
F00039,Healthcare Facility 39,Jhansi,Specialty Center,20
F00040,Healthcare Facility 40,Jhansi,Specialty Center,169
F00041,Healthcare Facility 41,Indore,Diagnostic Center,136
F00042,Healthcare Facility 42,Jaipur,Clinic,171
F00043,Healthcare Facility 43,Agra,Specialty Center,83
F00044,Healthcare Facility 44,Agra,Clinic,444
F00045,Healthcare Facility 45,Delhi,Hospital,497
F00046,Healthcare Facility 46,Agra,Diagnostic Center,169
F00047,Healthcare Facility 47,Gwalior,Clinic,336
F00048,Healthcare Facility 48,Jaipur,Hospital,383
F00049,Healthcare Facility 49,Jaipur,Hospital,31
F00050,Healthcare Facility 50,Delhi,Hospital,109
F00051,Healthcare Facility 51,Indore,Specialty Center,407
F00052,Healthcare Facility 52,Morena,Diagnostic Center,102
F00053,Healthcare Facility 53,Agra,Hospital,483
F00054,Healthcare Facility 54,Gwalior,Specialty Center,269
F00055,Healthcare Facility 55,Indore,Clinic,403
F00056,Healthcare Facility 56,Delhi,Diagnostic Center,415
F00057,Healthcare Facility 57,Indore,Clinic,52
F00058,Healthcare Facility 58,Delhi,Clinic,168
F00059,Healthcare Facility 59,Morena,Specialty Center,147
F00060,Healthcare Facility 60,Bhopal,Clinic,119
F00061,Healthcare Facility 61,Jhansi,Diagnostic Center,476
F00062,Healthcare Facility 62,Agra,Clinic,381
F00063,Healthcare Facility 63,Gwalior,Specialty Center,347
F00064,Healthcare Facility 64,Delhi,Hospital,231
F00065,Healthcare Facility 65,Indore,Specialty Center,93
F00066,Healthcare Facility 66,Agra,Hospital,115
F00067,Healthcare Facility 67,Indore,Clinic,111
F00068,Healthcare Facility 68,Gwalior,Hospital,349
F00069,Healthcare Facility 69,Jaipur,Specialty Center,347
F00070,Healthcare Facility 70,Jaipur,Specialty Center,455
F00071,Healthcare Facility 71,Jhansi,Diagnostic Center,194
F00072,Healthcare Facility 72,Jhansi,Diagnostic Center,244
F00073,Healthcare Facility 73,Gwalior,Hospital,334
F00074,Healthcare Facility 74,Jhansi,Hospital,194
F00075,Healthcare Facility 75,Jaipur,Diagnostic Center,75
F00076,Healthcare Facility 76,Delhi,Clinic,288
F00077,Healthcare Facility 77,Agra,Diagnostic Center,447
F00078,Healthcare Facility 78,Gwalior,Clinic,54
F00079,Healthcare Facility 79,Delhi,Hospital,138
F00080,Healthcare Facility 80,Agra,Hospital,390
F00081,Healthcare Facility 81,Agra,Specialty Center,432
F00082,Healthcare Facility 82,Delhi,Specialty Center,75
F00083,Healthcare Facility 83,Agra,Clinic,408
F00084,Healthcare Facility 84,Bhopal,Clinic,470
F00085,Healthcare Facility 85,Gwalior,Diagnostic Center,328
F00086,Healthcare Facility 86,Gwalior,Clinic,376
F00087,Healthcare Facility 87,Agra,Hospital,395
F00088,Healthcare Facility 88,Delhi,Hospital,335
F00089,Healthcare Facility 89,Morena,Hospital,124
F00090,Healthcare Facility 90,Jhansi,Specialty Center,409
F00091,Healthcare Facility 91,Jaipur,Clinic,195
F00092,Healthcare Facility 92,Agra,Clinic,125
F00093,Healthcare Facility 93,Morena,Specialty Center,99
F00094,Healthcare Facility 94,Agra,Specialty Center,182
F00095,Healthcare Facility 95,Morena,Specialty Center,421
F00096,Healthcare Facility 96,Agra,Hospital,286
F00097,Healthcare Facility 97,Delhi,Clinic,70
F00098,Healthcare Facility 98,Jaipur,Diagnostic Center,396
F00099,Healthcare Facility 99,Indore,Diagnostic Center,298
F00100,Healthcare Facility 100,Indore,Clinic,322
F00101,Healthcare Facility 101,Morena,Clinic,94
F00102,Healthcare Facility 102,Jhansi,Specialty Center,462
F00103,Healthcare Facility 103,Jhansi,Specialty Center,460
F00104,Healthcare Facility 104,Bhopal,Hospital,368
F00105,Healthcare Facility 105,Delhi,Specialty Center,146
F00106,Healthcare Facility 106,Jaipur,Clinic,265
F00107,Healthcare Facility 107,Agra,Hospital,331
F00108,Healthcare Facility 108,Morena,Diagnostic Center,253
F00109,Healthcare Facility 109,Jhansi,Clinic,174
F00110,Healthcare Facility 110,Jaipur,Diagnostic Center,92
F00111,Healthcare Facility 111,Gwalior,Clinic,438
F00112,Healthcare Facility 112,Jhansi,Clinic,458
F00113,Healthcare Facility 113,Delhi,Hospital,156
F00114,Healthcare Facility 114,Morena,Hospital,293
F00115,Healthcare Facility 115,Delhi,Specialty Center,63
F00116,Healthcare Facility 116,Morena,Clinic,266
F00117,Healthcare Facility 117,Indore,Clinic,168
F00118,Healthcare Facility 118,Gwalior,Hospital,75
F00119,Healthcare Facility 119,Bhopal,Diagnostic Center,195
F00120,Healthcare Facility 120,Gwalior,Specialty Center,375
F00121,Healthcare Facility 121,Agra,Clinic,276
F00122,Healthcare Facility 122,Delhi,Hospital,430
F00123,Healthcare Facility 123,Bhopal,Clinic,320
F00124,Healthcare Facility 124,Delhi,Hospital,82
F00125,Healthcare Facility 125,Jaipur,Specialty Center,333
F00126,Healthcare Facility 126,Morena,Diagnostic Center,443
F00127,Healthcare Facility 127,Agra,Clinic,82
F00128,Healthcare Facility 128,Agra,Clinic,313
F00129,Healthcare Facility 129,Delhi,Specialty Center,48
F00130,Healthcare Facility 130,Indore,Diagnostic Center,59
F00131,Healthcare Facility 131,Agra,Clinic,166
F00132,Healthcare Facility 132,Jhansi,Specialty Center,107
F00133,Healthcare Facility 133,Delhi,Clinic,75
F00134,Healthcare Facility 134,Morena,Clinic,319
F00135,Healthcare Facility 135,Morena,Specialty Center,212
F00136,Healthcare Facility 136,Delhi,Specialty Center,119
F00137,Healthcare Facility 137,Gwalior,Hospital,234
F00138,Healthcare Facility 138,Gwalior,Hospital,160
F00139,Healthcare Facility 139,Morena,Clinic,433
F00140,Healthcare Facility 140,Bhopal,Specialty Center,68
F00141,Healthcare Facility 141,Jhansi,Diagnostic Center,134
F00142,Healthcare Facility 142,Gwalior,Diagnostic Center,248
F00143,Healthcare Facility 143,Delhi,Clinic,271
F00144,Healthcare Facility 144,Morena,Hospital,94
F00145,Healthcare Facility 145,Agra,Specialty Center,210
F00146,Healthcare Facility 146,Agra,Specialty Center,218
F00147,Healthcare Facility 147,Indore,Hospital,182
F00148,Healthcare Facility 148,Jhansi,Specialty Center,158
F00149,Healthcare Facility 149,Gwalior,Clinic,68
F00150,Healthcare Facility 150,Bhopal,Specialty Center,382
F00151,Healthcare Facility 151,Jaipur,Specialty Center,386
F00152,Healthcare Facility 152,Gwalior,Hospital,134
F00153,Healthcare Facility 153,Bhopal,Hospital,187
F00154,Healthcare Facility 154,Gwalior,Diagnostic Center,296
F00155,Healthcare Facility 155,Agra,Clinic,66
F00156,Healthcare Facility 156,Bhopal,Hospital,278
F00157,Healthcare Facility 157,Agra,Hospital,433
F00158,Healthcare Facility 158,Jhansi,Hospital,235
F00159,Healthcare Facility 159,Indore,Specialty Center,249
F00160,Healthcare Facility 160,Delhi,Clinic,146
F00161,Healthcare Facility 161,Delhi,Clinic,342
F00162,Healthcare Facility 162,Morena,Specialty Center,337
F00163,Healthcare Facility 163,Agra,Specialty Center,440
F00164,Healthcare Facility 164,Agra,Hospital,244
F00165,Healthcare Facility 165,Indore,Diagnostic Center,169
F00166,Healthcare Facility 166,Morena,Diagnostic Center,306
F00167,Healthcare Facility 167,Jhansi,Clinic,65
F00168,Healthcare Facility 168,Delhi,Diagnostic Center,479
F00169,Healthcare Facility 169,Delhi,Hospital,320
F00170,Healthcare Facility 170,Bhopal,Specialty Center,33
F00171,Healthcare Facility 171,Bhopal,Clinic,140
F00172,Healthcare Facility 172,Jaipur,Clinic,415
F00173,Healthcare Facility 173,Indore,Specialty Center,394
F00174,Healthcare Facility 174,Delhi,Diagnostic Center,210
F00175,Healthcare Facility 175,Jaipur,Clinic,494
F00176,Healthcare Facility 176,Gwalior,Specialty Center,352
F00177,Healthcare Facility 177,Agra,Specialty Center,363
F00178,Healthcare Facility 178,Bhopal,Diagnostic Center,185
F00179,Healthcare Facility 179,Gwalior,Diagnostic Center,136
F00180,Healthcare Facility 180,Bhopal,Hospital,450
F00181,Healthcare Facility 181,Morena,Diagnostic Center,143
F00182,Healthcare Facility 182,Agra,Diagnostic Center,73
F00183,Healthcare Facility 183,Jaipur,Specialty Center,458
F00184,Healthcare Facility 184,Jhansi,Clinic,323
F00185,Healthcare Facility 185,Jaipur,Specialty Center,476
F00186,Healthcare Facility 186,Jhansi,Hospital,475
F00187,Healthcare Facility 187,Jhansi,Specialty Center,376
F00188,Healthcare Facility 188,Bhopal,Hospital,290
F00189,Healthcare Facility 189,Delhi,Diagnostic Center,218
F00190,Healthcare Facility 190,Indore,Clinic,235
F00191,Healthcare Facility 191,Jaipur,Clinic,132
F00192,Healthcare Facility 192,Morena,Specialty Center,35
F00193,Healthcare Facility 193,Morena,Clinic,235
F00194,Healthcare Facility 194,Delhi,Hospital,446
F00195,Healthcare Facility 195,Morena,Hospital,154
F00196,Healthcare Facility 196,Indore,Diagnostic Center,62
F00197,Healthcare Facility 197,Agra,Specialty Center,271
F00198,Healthcare Facility 198,Bhopal,Diagnostic Center,303
F00199,Healthcare Facility 199,Morena,Clinic,341
F00200,Healthcare Facility 200,Agra,Diagnostic Center,117
F00201,Healthcare Facility 201,Delhi,Clinic,79
F00202,Healthcare Facility 202,Bhopal,Hospital,249
F00203,Healthcare Facility 203,Delhi,Specialty Center,403
F00204,Healthcare Facility 204,Bhopal,Specialty Center,150
F00205,Healthcare Facility 205,Indore,Diagnostic Center,404
F00206,Healthcare Facility 206,Morena,Clinic,178
F00207,Healthcare Facility 207,Morena,Hospital,331
F00208,Healthcare Facility 208,Bhopal,Clinic,490
F00209,Healthcare Facility 209,Agra,Diagnostic Center,103
F00210,Healthcare Facility 210,Agra,Clinic,227
F00211,Healthcare Facility 211,Agra,Hospital,193
F00212,Healthcare Facility 212,Gwalior,Diagnostic Center,307
F00213,Healthcare Facility 213,Jaipur,Hospital,100
F00214,Healthcare Facility 214,Jaipur,Diagnostic Center,37
F00215,Healthcare Facility 215,Jaipur,Specialty Center,215
F00216,Healthcare Facility 216,Agra,Clinic,310
F00217,Healthcare Facility 217,Morena,Hospital,379
F00218,Healthcare Facility 218,Indore,Hospital,375
F00219,Healthcare Facility 219,Gwalior,Clinic,298
F00220,Healthcare Facility 220,Jhansi,Hospital,482
F00221,Healthcare Facility 221,Jhansi,Hospital,416
F00222,Healthcare Facility 222,Agra,Hospital,481
F00223,Healthcare Facility 223,Morena,Specialty Center,273
F00224,Healthcare Facility 224,Gwalior,Hospital,161
F00225,Healthcare Facility 225,Morena,Specialty Center,184
F00226,Healthcare Facility 226,Bhopal,Clinic,24
F00227,Healthcare Facility 227,Morena,Specialty Center,270
F00228,Healthcare Facility 228,Gwalior,Hospital,169
F00229,Healthcare Facility 229,Agra,Hospital,47
F00230,Healthcare Facility 230,Jaipur,Hospital,256
F00231,Healthcare Facility 231,Gwalior,Specialty Center,151
F00232,Healthcare Facility 232,Agra,Diagnostic Center,325
F00233,Healthcare Facility 233,Agra,Diagnostic Center,377
F00234,Healthcare Facility 234,Indore,Clinic,304
F00235,Healthcare Facility 235,Delhi,Clinic,312
F00236,Healthcare Facility 236,Jhansi,Clinic,182
F00237,Healthcare Facility 237,Indore,Hospital,423
F00238,Healthcare Facility 238,Bhopal,Diagnostic Center,438
F00239,Healthcare Facility 239,Delhi,Diagnostic Center,246
F00240,Healthcare Facility 240,Jaipur,Clinic,487
F00241,Healthcare Facility 241,Gwalior,Diagnostic Center,149
F00242,Healthcare Facility 242,Delhi,Clinic,391
F00243,Healthcare Facility 243,Jaipur,Hospital,77
F00244,Healthcare Facility 244,Agra,Diagnostic Center,165
F00245,Healthcare Facility 245,Gwalior,Hospital,497
F00246,Healthcare Facility 246,Delhi,Hospital,381
F00247,Healthcare Facility 247,Morena,Diagnostic Center,331
F00248,Healthcare Facility 248,Jaipur,Specialty Center,141
F00249,Healthcare Facility 249,Jaipur,Clinic,211
F00250,Healthcare Facility 250,Bhopal,Diagnostic Center,264
F00251,Healthcare Facility 251,Jhansi,Hospital,496
F00252,Healthcare Facility 252,Morena,Clinic,122
F00253,Healthcare Facility 253,Gwalior,Hospital,398
F00254,Healthcare Facility 254,Delhi,Clinic,455
F00255,Healthcare Facility 255,Agra,Diagnostic Center,269
F00256,Healthcare Facility 256,Delhi,Hospital,41
F00257,Healthcare Facility 257,Jhansi,Clinic,496
F00258,Healthcare Facility 258,Indore,Clinic,79
F00259,Healthcare Facility 259,Jhansi,Diagnostic Center,257
F00260,Healthcare Facility 260,Gwalior,Clinic,413
F00261,Healthcare Facility 261,Gwalior,Clinic,359
F00262,Healthcare Facility 262,Gwalior,Hospital,403
F00263,Healthcare Facility 263,Gwalior,Diagnostic Center,355
F00264,Healthcare Facility 264,Indore,Diagnostic Center,153
F00265,Healthcare Facility 265,Jaipur,Hospital,356
F00266,Healthcare Facility 266,Delhi,Specialty Center,281
F00267,Healthcare Facility 267,Morena,Hospital,361
F00268,Healthcare Facility 268,Agra,Hospital,357
F00269,Healthcare Facility 269,Agra,Specialty Center,499
F00270,Healthcare Facility 270,Bhopal,Clinic,431
F00271,Healthcare Facility 271,Jaipur,Diagnostic Center,61
F00272,Healthcare Facility 272,Gwalior,Diagnostic Center,93
F00273,Healthcare Facility 273,Jhansi,Specialty Center,316
F00274,Healthcare Facility 274,Gwalior,Diagnostic Center,338
F00275,Healthcare Facility 275,Gwalior,Specialty Center,41
F00276,Healthcare Facility 276,Jhansi,Clinic,239
F00277,Healthcare Facility 277,Jaipur,Specialty Center,98
F00278,Healthcare Facility 278,Morena,Diagnostic Center,254
F00279,Healthcare Facility 279,Gwalior,Diagnostic Center,176
F00280,Healthcare Facility 280,Bhopal,Specialty Center,346
F00281,Healthcare Facility 281,Bhopal,Diagnostic Center,133
F00282,Healthcare Facility 282,Morena,Specialty Center,309
F00283,Healthcare Facility 283,Jaipur,Diagnostic Center,115
F00284,Healthcare Facility 284,Gwalior,Hospital,149
F00285,Healthcare Facility 285,Indore,Clinic,429
F00286,Healthcare Facility 286,Delhi,Diagnostic Center,128
F00287,Healthcare Facility 287,Delhi,Diagnostic Center,94
F00288,Healthcare Facility 288,Agra,Diagnostic Center,492
F00289,Healthcare Facility 289,Morena,Specialty Center,294
F00290,Healthcare Facility 290,Delhi,Diagnostic Center,400
F00291,Healthcare Facility 291,Agra,Specialty Center,39
F00292,Healthcare Facility 292,Bhopal,Diagnostic Center,180
F00293,Healthcare Facility 293,Agra,Hospital,228
F00294,Healthcare Facility 294,Gwalior,Hospital,391
F00295,Healthcare Facility 295,Gwalior,Clinic,113
F00296,Healthcare Facility 296,Bhopal,Specialty Center,101
F00297,Healthcare Facility 297,Morena,Clinic,371
F00298,Healthcare Facility 298,Jaipur,Diagnostic Center,123
F00299,Healthcare Facility 299,Jhansi,Diagnostic Center,256
F00300,Healthcare Facility 300,Jhansi,Hospital,279
F00301,Healthcare Facility 301,Gwalior,Clinic,179
F00302,Healthcare Facility 302,Jhansi,Diagnostic Center,422
F00303,Healthcare Facility 303,Gwalior,Diagnostic Center,406
F00304,Healthcare Facility 304,Agra,Specialty Center,367
F00305,Healthcare Facility 305,Agra,Diagnostic Center,80
F00306,Healthcare Facility 306,Agra,Clinic,57
F00307,Healthcare Facility 307,Delhi,Hospital,137
F00308,Healthcare Facility 308,Indore,Hospital,409
F00309,Healthcare Facility 309,Bhopal,Diagnostic Center,331
F00310,Healthcare Facility 310,Morena,Diagnostic Center,187
F00311,Healthcare Facility 311,Agra,Diagnostic Center,396
F00312,Healthcare Facility 312,Morena,Specialty Center,356
F00313,Healthcare Facility 313,Indore,Diagnostic Center,381
F00314,Healthcare Facility 314,Agra,Diagnostic Center,395
F00315,Healthcare Facility 315,Gwalior,Specialty Center,88
F00316,Healthcare Facility 316,Indore,Clinic,102
F00317,Healthcare Facility 317,Morena,Specialty Center,254
F00318,Healthcare Facility 318,Delhi,Hospital,61
F00319,Healthcare Facility 319,Agra,Specialty Center,118
F00320,Healthcare Facility 320,Jaipur,Specialty Center,489
F00321,Healthcare Facility 321,Bhopal,Clinic,491
F00322,Healthcare Facility 322,Gwalior,Clinic,477
F00323,Healthcare Facility 323,Indore,Diagnostic Center,149
F00324,Healthcare Facility 324,Indore,Specialty Center,47
F00325,Healthcare Facility 325,Agra,Clinic,252
F00326,Healthcare Facility 326,Indore,Hospital,248
F00327,Healthcare Facility 327,Morena,Diagnostic Center,136
F00328,Healthcare Facility 328,Jhansi,Specialty Center,420
F00329,Healthcare Facility 329,Agra,Hospital,345
F00330,Healthcare Facility 330,Gwalior,Clinic,126
F00331,Healthcare Facility 331,Bhopal,Diagnostic Center,398
F00332,Healthcare Facility 332,Bhopal,Hospital,344
F00333,Healthcare Facility 333,Bhopal,Specialty Center,314
F00334,Healthcare Facility 334,Jaipur,Hospital,410
F00335,Healthcare Facility 335,Jhansi,Diagnostic Center,179
F00336,Healthcare Facility 336,Gwalior,Specialty Center,23
F00337,Healthcare Facility 337,Jaipur,Specialty Center,168
F00338,Healthcare Facility 338,Jaipur,Hospital,253
F00339,Healthcare Facility 339,Indore,Diagnostic Center,273
F00340,Healthcare Facility 340,Agra,Specialty Center,435
F00341,Healthcare Facility 341,Gwalior,Diagnostic Center,267
F00342,Healthcare Facility 342,Gwalior,Clinic,357
F00343,Healthcare Facility 343,Indore,Hospital,372
F00344,Healthcare Facility 344,Agra,Diagnostic Center,417
F00345,Healthcare Facility 345,Delhi,Clinic,89
F00346,Healthcare Facility 346,Jaipur,Clinic,222
F00347,Healthcare Facility 347,Bhopal,Diagnostic Center,321
F00348,Healthcare Facility 348,Jhansi,Diagnostic Center,167
F00349,Healthcare Facility 349,Morena,Hospital,240
F00350,Healthcare Facility 350,Jhansi,Hospital,205
F00351,Healthcare Facility 351,Jaipur,Specialty Center,374
F00352,Healthcare Facility 352,Morena,Hospital,355
F00353,Healthcare Facility 353,Agra,Diagnostic Center,67
F00354,Healthcare Facility 354,Jhansi,Specialty Center,282
F00355,Healthcare Facility 355,Morena,Clinic,315
F00356,Healthcare Facility 356,Delhi,Clinic,334
F00357,Healthcare Facility 357,Gwalior,Diagnostic Center,311
F00358,Healthcare Facility 358,Bhopal,Specialty Center,191
F00359,Healthcare Facility 359,Morena,Specialty Center,383
F00360,Healthcare Facility 360,Morena,Hospital,50
F00361,Healthcare Facility 361,Jhansi,Clinic,189
F00362,Healthcare Facility 362,Agra,Clinic,63
F00363,Healthcare Facility 363,Agra,Hospital,446
F00364,Healthcare Facility 364,Indore,Clinic,62
F00365,Healthcare Facility 365,Gwalior,Hospital,450
F00366,Healthcare Facility 366,Bhopal,Clinic,153
F00367,Healthcare Facility 367,Indore,Clinic,368
F00368,Healthcare Facility 368,Indore,Clinic,238
F00369,Healthcare Facility 369,Morena,Hospital,469
F00370,Healthcare Facility 370,Gwalior,Clinic,105
F00371,Healthcare Facility 371,Jhansi,Clinic,270
F00372,Healthcare Facility 372,Jhansi,Specialty Center,284
F00373,Healthcare Facility 373,Jhansi,Clinic,30
F00374,Healthcare Facility 374,Bhopal,Diagnostic Center,99
F00375,Healthcare Facility 375,Gwalior,Clinic,128
F00376,Healthcare Facility 376,Morena,Clinic,480
F00377,Healthcare Facility 377,Jhansi,Specialty Center,137
F00378,Healthcare Facility 378,Agra,Specialty Center,271
F00379,Healthcare Facility 379,Agra,Hospital,37
F00380,Healthcare Facility 380,Agra,Hospital,275
F00381,Healthcare Facility 381,Delhi,Diagnostic Center,264
F00382,Healthcare Facility 382,Gwalior,Specialty Center,172
F00383,Healthcare Facility 383,Jhansi,Hospital,116
F00384,Healthcare Facility 384,Morena,Hospital,477
F00385,Healthcare Facility 385,Gwalior,Hospital,205
F00386,Healthcare Facility 386,Agra,Specialty Center,49
F00387,Healthcare Facility 387,Jaipur,Specialty Center,134
F00388,Healthcare Facility 388,Jaipur,Diagnostic Center,260
F00389,Healthcare Facility 389,Jhansi,Specialty Center,276
F00390,Healthcare Facility 390,Gwalior,Specialty Center,466
F00391,Healthcare Facility 391,Jhansi,Specialty Center,372
F00392,Healthcare Facility 392,Bhopal,Diagnostic Center,132
F00393,Healthcare Facility 393,Jaipur,Clinic,354
F00394,Healthcare Facility 394,Jaipur,Clinic,48
F00395,Healthcare Facility 395,Gwalior,Hospital,341
F00396,Healthcare Facility 396,Indore,Clinic,478
F00397,Healthcare Facility 397,Delhi,Clinic,456
F00398,Healthcare Facility 398,Delhi,Diagnostic Center,245
F00399,Healthcare Facility 399,Agra,Diagnostic Center,263
F00400,Healthcare Facility 400,Jhansi,Clinic,380
F00401,Healthcare Facility 401,Morena,Clinic,38
F00402,Healthcare Facility 402,Indore,Clinic,341
F00403,Healthcare Facility 403,Jhansi,Hospital,131
F00404,Healthcare Facility 404,Bhopal,Diagnostic Center,231
F00405,Healthcare Facility 405,Jhansi,Clinic,252
F00406,Healthcare Facility 406,Indore,Specialty Center,455
F00407,Healthcare Facility 407,Jhansi,Clinic,178
F00408,Healthcare Facility 408,Morena,Specialty Center,79
F00409,Healthcare Facility 409,Morena,Hospital,392
F00410,Healthcare Facility 410,Bhopal,Specialty Center,343
F00411,Healthcare Facility 411,Delhi,Diagnostic Center,112
F00412,Healthcare Facility 412,Indore,Hospital,267
F00413,Healthcare Facility 413,Jhansi,Hospital,177
F00414,Healthcare Facility 414,Jaipur,Clinic,160
F00415,Healthcare Facility 415,Agra,Hospital,418
F00416,Healthcare Facility 416,Gwalior,Hospital,423
F00417,Healthcare Facility 417,Delhi,Specialty Center,437
F00418,Healthcare Facility 418,Agra,Clinic,239
F00419,Healthcare Facility 419,Jaipur,Diagnostic Center,423
F00420,Healthcare Facility 420,Delhi,Clinic,325
F00421,Healthcare Facility 421,Indore,Diagnostic Center,108
F00422,Healthcare Facility 422,Bhopal,Specialty Center,174
F00423,Healthcare Facility 423,Morena,Hospital,433
F00424,Healthcare Facility 424,Bhopal,Hospital,459
F00425,Healthcare Facility 425,Jaipur,Clinic,252
F00426,Healthcare Facility 426,Gwalior,Clinic,487
F00427,Healthcare Facility 427,Jhansi,Clinic,212
F00428,Healthcare Facility 428,Bhopal,Hospital,118
F00429,Healthcare Facility 429,Jaipur,Hospital,458
F00430,Healthcare Facility 430,Morena,Specialty Center,132
F00431,Healthcare Facility 431,Delhi,Diagnostic Center,126
F00432,Healthcare Facility 432,Agra,Clinic,43
F00433,Healthcare Facility 433,Jaipur,Hospital,300
F00434,Healthcare Facility 434,Jaipur,Diagnostic Center,456
F00435,Healthcare Facility 435,Indore,Clinic,223
F00436,Healthcare Facility 436,Gwalior,Clinic,30
F00437,Healthcare Facility 437,Delhi,Diagnostic Center,369
F00438,Healthcare Facility 438,Jaipur,Diagnostic Center,335
F00439,Healthcare Facility 439,Jaipur,Diagnostic Center,224
F00440,Healthcare Facility 440,Agra,Hospital,450
F00441,Healthcare Facility 441,Jhansi,Specialty Center,428
F00442,Healthcare Facility 442,Morena,Clinic,44
F00443,Healthcare Facility 443,Bhopal,Clinic,420
F00444,Healthcare Facility 444,Indore,Diagnostic Center,159
F00445,Healthcare Facility 445,Delhi,Hospital,142
F00446,Healthcare Facility 446,Agra,Diagnostic Center,455
F00447,Healthcare Facility 447,Agra,Hospital,30
F00448,Healthcare Facility 448,Bhopal,Specialty Center,285
F00449,Healthcare Facility 449,Delhi,Clinic,100
F00450,Healthcare Facility 450,Delhi,Clinic,463
F00451,Healthcare Facility 451,Indore,Hospital,329
F00452,Healthcare Facility 452,Morena,Specialty Center,128
F00453,Healthcare Facility 453,Delhi,Specialty Center,227
F00454,Healthcare Facility 454,Indore,Clinic,338
F00455,Healthcare Facility 455,Jaipur,Clinic,263
F00456,Healthcare Facility 456,Bhopal,Diagnostic Center,295
F00457,Healthcare Facility 457,Delhi,Hospital,280
F00458,Healthcare Facility 458,Jhansi,Clinic,316
F00459,Healthcare Facility 459,Jhansi,Specialty Center,393
F00460,Healthcare Facility 460,Morena,Specialty Center,82
F00461,Healthcare Facility 461,Agra,Clinic,203
F00462,Healthcare Facility 462,Jaipur,Specialty Center,51
F00463,Healthcare Facility 463,Delhi,Hospital,302
F00464,Healthcare Facility 464,Bhopal,Specialty Center,343
F00465,Healthcare Facility 465,Delhi,Specialty Center,380
F00466,Healthcare Facility 466,Indore,Clinic,451
F00467,Healthcare Facility 467,Gwalior,Hospital,26
F00468,Healthcare Facility 468,Jhansi,Hospital,193
F00469,Healthcare Facility 469,Morena,Diagnostic Center,481
F00470,Healthcare Facility 470,Agra,Hospital,378
F00471,Healthcare Facility 471,Gwalior,Diagnostic Center,491
F00472,Healthcare Facility 472,Bhopal,Clinic,387
F00473,Healthcare Facility 473,Delhi,Specialty Center,165
F00474,Healthcare Facility 474,Morena,Hospital,271
F00475,Healthcare Facility 475,Jaipur,Diagnostic Center,185
F00476,Healthcare Facility 476,Indore,Hospital,122
F00477,Healthcare Facility 477,Indore,Clinic,212
F00478,Healthcare Facility 478,Delhi,Diagnostic Center,36
F00479,Healthcare Facility 479,Jhansi,Diagnostic Center,109
F00480,Healthcare Facility 480,Delhi,Diagnostic Center,390
F00481,Healthcare Facility 481,Delhi,Clinic,105
F00482,Healthcare Facility 482,Jaipur,Diagnostic Center,122
F00483,Healthcare Facility 483,Delhi,Specialty Center,101
F00484,Healthcare Facility 484,Morena,Clinic,145
F00485,Healthcare Facility 485,Jaipur,Specialty Center,57
F00486,Healthcare Facility 486,Jaipur,Specialty Center,367
F00487,Healthcare Facility 487,Jhansi,Clinic,232
F00488,Healthcare Facility 488,Gwalior,Hospital,338
F00489,Healthcare Facility 489,Bhopal,Specialty Center,244
F00490,Healthcare Facility 490,Jaipur,Clinic,241
F00491,Healthcare Facility 491,Gwalior,Specialty Center,445
F00492,Healthcare Facility 492,Morena,Diagnostic Center,266
F00493,Healthcare Facility 493,Bhopal,Specialty Center,155
F00494,Healthcare Facility 494,Jaipur,Specialty Center,305
F00495,Healthcare Facility 495,Agra,Specialty Center,250
F00496,Healthcare Facility 496,Gwalior,Diagnostic Center,339
F00497,Healthcare Facility 497,Morena,Specialty Center,28
F00498,Healthcare Facility 498,Morena,Clinic,244
F00499,Healthcare Facility 499,Morena,Specialty Center,332
F00500,Healthcare Facility 500,Indore,Clinic,126
F00501,Healthcare Facility 501,Bhopal,Specialty Center,206
F00502,Healthcare Facility 502,Jhansi,Specialty Center,240
F00503,Healthcare Facility 503,Delhi,Specialty Center,114
F00504,Healthcare Facility 504,Agra,Hospital,214
F00505,Healthcare Facility 505,Bhopal,Hospital,261
F00506,Healthcare Facility 506,Bhopal,Diagnostic Center,249
F00507,Healthcare Facility 507,Jhansi,Clinic,350
F00508,Healthcare Facility 508,Jhansi,Diagnostic Center,24
F00509,Healthcare Facility 509,Jaipur,Clinic,370
F00510,Healthcare Facility 510,Indore,Diagnostic Center,487
F00511,Healthcare Facility 511,Gwalior,Diagnostic Center,23
F00512,Healthcare Facility 512,Agra,Specialty Center,283
F00513,Healthcare Facility 513,Morena,Specialty Center,445
F00514,Healthcare Facility 514,Bhopal,Specialty Center,272
F00515,Healthcare Facility 515,Agra,Specialty Center,182
F00516,Healthcare Facility 516,Gwalior,Specialty Center,160
F00517,Healthcare Facility 517,Delhi,Diagnostic Center,408
F00518,Healthcare Facility 518,Agra,Clinic,315
F00519,Healthcare Facility 519,Indore,Hospital,38
F00520,Healthcare Facility 520,Indore,Hospital,101
F00521,Healthcare Facility 521,Morena,Clinic,400
F00522,Healthcare Facility 522,Indore,Hospital,23
F00523,Healthcare Facility 523,Bhopal,Diagnostic Center,147
F00524,Healthcare Facility 524,Delhi,Clinic,206
F00525,Healthcare Facility 525,Jhansi,Clinic,165
F00526,Healthcare Facility 526,Gwalior,Hospital,171
F00527,Healthcare Facility 527,Morena,Hospital,382
F00528,Healthcare Facility 528,Jhansi,Diagnostic Center,112
F00529,Healthcare Facility 529,Delhi,Specialty Center,50
F00530,Healthcare Facility 530,Jaipur,Clinic,333
F00531,Healthcare Facility 531,Jaipur,Specialty Center,47
F00532,Healthcare Facility 532,Gwalior,Hospital,156
F00533,Healthcare Facility 533,Morena,Clinic,448
F00534,Healthcare Facility 534,Indore,Specialty Center,109
F00535,Healthcare Facility 535,Bhopal,Diagnostic Center,68
F00536,Healthcare Facility 536,Gwalior,Diagnostic Center,386
F00537,Healthcare Facility 537,Indore,Diagnostic Center,277
F00538,Healthcare Facility 538,Delhi,Clinic,25
F00539,Healthcare Facility 539,Morena,Clinic,48
F00540,Healthcare Facility 540,Jaipur,Clinic,429
F00541,Healthcare Facility 541,Jaipur,Clinic,175
F00542,Healthcare Facility 542,Agra,Clinic,282
F00543,Healthcare Facility 543,Morena,Specialty Center,53
F00544,Healthcare Facility 544,Delhi,Specialty Center,459
F00545,Healthcare Facility 545,Delhi,Diagnostic Center,256
F00546,Healthcare Facility 546,Agra,Specialty Center,157
F00547,Healthcare Facility 547,Indore,Specialty Center,387
F00548,Healthcare Facility 548,Delhi,Diagnostic Center,76
F00549,Healthcare Facility 549,Indore,Diagnostic Center,194
F00550,Healthcare Facility 550,Indore,Hospital,233
F00551,Healthcare Facility 551,Morena,Diagnostic Center,46
F00552,Healthcare Facility 552,Indore,Specialty Center,314
F00553,Healthcare Facility 553,Jaipur,Clinic,425
F00554,Healthcare Facility 554,Gwalior,Diagnostic Center,138
F00555,Healthcare Facility 555,Jaipur,Hospital,166
F00556,Healthcare Facility 556,Indore,Specialty Center,375
F00557,Healthcare Facility 557,Jhansi,Hospital,284
F00558,Healthcare Facility 558,Jaipur,Hospital,422
F00559,Healthcare Facility 559,Morena,Specialty Center,277
F00560,Healthcare Facility 560,Indore,Hospital,367
F00561,Healthcare Facility 561,Jhansi,Specialty Center,208
F00562,Healthcare Facility 562,Delhi,Hospital,334
F00563,Healthcare Facility 563,Agra,Clinic,250
F00564,Healthcare Facility 564,Agra,Diagnostic Center,489
F00565,Healthcare Facility 565,Bhopal,Clinic,217
F00566,Healthcare Facility 566,Agra,Clinic,258
F00567,Healthcare Facility 567,Agra,Hospital,346
F00568,Healthcare Facility 568,Delhi,Diagnostic Center,89
F00569,Healthcare Facility 569,Gwalior,Diagnostic Center,436
F00570,Healthcare Facility 570,Gwalior,Diagnostic Center,271
F00571,Healthcare Facility 571,Delhi,Hospital,481
F00572,Healthcare Facility 572,Agra,Clinic,212
F00573,Healthcare Facility 573,Morena,Specialty Center,44
F00574,Healthcare Facility 574,Jaipur,Specialty Center,89
F00575,Healthcare Facility 575,Indore,Specialty Center,175
F00576,Healthcare Facility 576,Jaipur,Diagnostic Center,165
F00577,Healthcare Facility 577,Jhansi,Specialty Center,338
F00578,Healthcare Facility 578,Gwalior,Clinic,238
F00579,Healthcare Facility 579,Jhansi,Specialty Center,68
F00580,Healthcare Facility 580,Delhi,Diagnostic Center,398
F00581,Healthcare Facility 581,Jhansi,Diagnostic Center,399
F00582,Healthcare Facility 582,Morena,Specialty Center,213
F00583,Healthcare Facility 583,Agra,Diagnostic Center,59
F00584,Healthcare Facility 584,Delhi,Specialty Center,104
F00585,Healthcare Facility 585,Jhansi,Diagnostic Center,362
F00586,Healthcare Facility 586,Gwalior,Hospital,469
F00587,Healthcare Facility 587,Indore,Hospital,355
F00588,Healthcare Facility 588,Morena,Clinic,23
F00589,Healthcare Facility 589,Morena,Hospital,309
F00590,Healthcare Facility 590,Gwalior,Specialty Center,266
F00591,Healthcare Facility 591,Morena,Diagnostic Center,24
F00592,Healthcare Facility 592,Jaipur,Clinic,245
F00593,Healthcare Facility 593,Indore,Specialty Center,169
F00594,Healthcare Facility 594,Gwalior,Specialty Center,257
F00595,Healthcare Facility 595,Jaipur,Clinic,167
F00596,Healthcare Facility 596,Delhi,Clinic,122
F00597,Healthcare Facility 597,Bhopal,Specialty Center,194
F00598,Healthcare Facility 598,Indore,Diagnostic Center,480
F00599,Healthcare Facility 599,Agra,Specialty Center,255
F00600,Healthcare Facility 600,Delhi,Diagnostic Center,53
F00601,Healthcare Facility 601,Jaipur,Clinic,191
F00602,Healthcare Facility 602,Agra,Specialty Center,25
F00603,Healthcare Facility 603,Agra,Hospital,459
F00604,Healthcare Facility 604,Jaipur,Specialty Center,304
F00605,Healthcare Facility 605,Jaipur,Diagnostic Center,244
F00606,Healthcare Facility 606,Indore,Specialty Center,72
F00607,Healthcare Facility 607,Gwalior,Diagnostic Center,276
F00608,Healthcare Facility 608,Bhopal,Hospital,78
F00609,Healthcare Facility 609,Indore,Clinic,451
F00610,Healthcare Facility 610,Jaipur,Hospital,265
F00611,Healthcare Facility 611,Agra,Diagnostic Center,26
F00612,Healthcare Facility 612,Agra,Clinic,233
F00613,Healthcare Facility 613,Delhi,Clinic,435
F00614,Healthcare Facility 614,Bhopal,Specialty Center,97
F00615,Healthcare Facility 615,Bhopal,Hospital,208
F00616,Healthcare Facility 616,Jhansi,Diagnostic Center,460
F00617,Healthcare Facility 617,Jhansi,Diagnostic Center,326
F00618,Healthcare Facility 618,Agra,Clinic,235
F00619,Healthcare Facility 619,Bhopal,Specialty Center,422
F00620,Healthcare Facility 620,Delhi,Diagnostic Center,302
F00621,Healthcare Facility 621,Gwalior,Specialty Center,338
F00622,Healthcare Facility 622,Agra,Clinic,463
F00623,Healthcare Facility 623,Morena,Clinic,80
F00624,Healthcare Facility 624,Agra,Clinic,80
F00625,Healthcare Facility 625,Agra,Specialty Center,234
F00626,Healthcare Facility 626,Gwalior,Diagnostic Center,401
F00627,Healthcare Facility 627,Jaipur,Hospital,64
F00628,Healthcare Facility 628,Jhansi,Specialty Center,424
F00629,Healthcare Facility 629,Jaipur,Clinic,191
F00630,Healthcare Facility 630,Morena,Hospital,240
F00631,Healthcare Facility 631,Jhansi,Hospital,404
F00632,Healthcare Facility 632,Morena,Hospital,114
F00633,Healthcare Facility 633,Morena,Hospital,366
F00634,Healthcare Facility 634,Jhansi,Hospital,63
F00635,Healthcare Facility 635,Jaipur,Clinic,247
F00636,Healthcare Facility 636,Indore,Diagnostic Center,81
F00637,Healthcare Facility 637,Gwalior,Hospital,336
F00638,Healthcare Facility 638,Bhopal,Diagnostic Center,238
F00639,Healthcare Facility 639,Morena,Diagnostic Center,354
F00640,Healthcare Facility 640,Jhansi,Specialty Center,108
F00641,Healthcare Facility 641,Bhopal,Clinic,131
F00642,Healthcare Facility 642,Delhi,Hospital,226
F00643,Healthcare Facility 643,Jhansi,Diagnostic Center,486
F00644,Healthcare Facility 644,Gwalior,Specialty Center,386
F00645,Healthcare Facility 645,Bhopal,Diagnostic Center,325
F00646,Healthcare Facility 646,Jaipur,Hospital,222
F00647,Healthcare Facility 647,Indore,Clinic,316
F00648,Healthcare Facility 648,Jaipur,Clinic,52
F00649,Healthcare Facility 649,Morena,Hospital,234
F00650,Healthcare Facility 650,Indore,Diagnostic Center,31
F00651,Healthcare Facility 651,Morena,Specialty Center,21
F00652,Healthcare Facility 652,Indore,Clinic,382
F00653,Healthcare Facility 653,Bhopal,Clinic,168
F00654,Healthcare Facility 654,Jaipur,Diagnostic Center,161
F00655,Healthcare Facility 655,Bhopal,Diagnostic Center,309
F00656,Healthcare Facility 656,Delhi,Diagnostic Center,226
F00657,Healthcare Facility 657,Jhansi,Specialty Center,360
F00658,Healthcare Facility 658,Gwalior,Diagnostic Center,211
F00659,Healthcare Facility 659,Jaipur,Specialty Center,426
F00660,Healthcare Facility 660,Agra,Hospital,360
F00661,Healthcare Facility 661,Jaipur,Specialty Center,325
F00662,Healthcare Facility 662,Delhi,Diagnostic Center,417
F00663,Healthcare Facility 663,Jaipur,Specialty Center,488
F00664,Healthcare Facility 664,Delhi,Specialty Center,271
F00665,Healthcare Facility 665,Jaipur,Specialty Center,223
F00666,Healthcare Facility 666,Delhi,Clinic,381
F00667,Healthcare Facility 667,Indore,Diagnostic Center,65
F00668,Healthcare Facility 668,Morena,Specialty Center,393
F00669,Healthcare Facility 669,Bhopal,Diagnostic Center,280
F00670,Healthcare Facility 670,Jhansi,Hospital,85
F00671,Healthcare Facility 671,Jaipur,Specialty Center,169
F00672,Healthcare Facility 672,Gwalior,Specialty Center,89
F00673,Healthcare Facility 673,Morena,Hospital,383
F00674,Healthcare Facility 674,Delhi,Diagnostic Center,21
F00675,Healthcare Facility 675,Gwalior,Hospital,48
F00676,Healthcare Facility 676,Morena,Hospital,275
F00677,Healthcare Facility 677,Jhansi,Hospital,80
F00678,Healthcare Facility 678,Agra,Hospital,119
F00679,Healthcare Facility 679,Jaipur,Diagnostic Center,403
F00680,Healthcare Facility 680,Jaipur,Specialty Center,474
F00681,Healthcare Facility 681,Delhi,Hospital,163
F00682,Healthcare Facility 682,Morena,Hospital,211
F00683,Healthcare Facility 683,Jhansi,Clinic,372
F00684,Healthcare Facility 684,Morena,Diagnostic Center,372
F00685,Healthcare Facility 685,Delhi,Hospital,289
F00686,Healthcare Facility 686,Agra,Clinic,318
F00687,Healthcare Facility 687,Jaipur,Hospital,479
F00688,Healthcare Facility 688,Bhopal,Diagnostic Center,446
F00689,Healthcare Facility 689,Agra,Clinic,345
F00690,Healthcare Facility 690,Delhi,Clinic,330
F00691,Healthcare Facility 691,Bhopal,Diagnostic Center,223
F00692,Healthcare Facility 692,Morena,Clinic,264
F00693,Healthcare Facility 693,Indore,Clinic,50
F00694,Healthcare Facility 694,Jhansi,Hospital,351
F00695,Healthcare Facility 695,Indore,Clinic,477
F00696,Healthcare Facility 696,Jhansi,Specialty Center,443
F00697,Healthcare Facility 697,Agra,Diagnostic Center,430
F00698,Healthcare Facility 698,Indore,Hospital,71
F00699,Healthcare Facility 699,Agra,Clinic,403
F00700,Healthcare Facility 700,Indore,Specialty Center,262
F00701,Healthcare Facility 701,Jhansi,Hospital,282
F00702,Healthcare Facility 702,Jaipur,Diagnostic Center,193
F00703,Healthcare Facility 703,Indore,Clinic,119
F00704,Healthcare Facility 704,Jhansi,Diagnostic Center,436
F00705,Healthcare Facility 705,Jaipur,Diagnostic Center,494
F00706,Healthcare Facility 706,Bhopal,Clinic,411
F00707,Healthcare Facility 707,Morena,Clinic,408
F00708,Healthcare Facility 708,Agra,Hospital,80
F00709,Healthcare Facility 709,Bhopal,Diagnostic Center,475
F00710,Healthcare Facility 710,Agra,Clinic,379
F00711,Healthcare Facility 711,Indore,Diagnostic Center,207
F00712,Healthcare Facility 712,Jaipur,Clinic,488
F00713,Healthcare Facility 713,Morena,Diagnostic Center,427
F00714,Healthcare Facility 714,Indore,Hospital,26
F00715,Healthcare Facility 715,Morena,Diagnostic Center,208
F00716,Healthcare Facility 716,Gwalior,Clinic,102
F00717,Healthcare Facility 717,Bhopal,Specialty Center,370
F00718,Healthcare Facility 718,Jaipur,Hospital,439
F00719,Healthcare Facility 719,Jaipur,Hospital,302
F00720,Healthcare Facility 720,Jaipur,Specialty Center,143
F00721,Healthcare Facility 721,Indore,Clinic,176
F00722,Healthcare Facility 722,Delhi,Hospital,106
F00723,Healthcare Facility 723,Agra,Specialty Center,167
F00724,Healthcare Facility 724,Morena,Specialty Center,89
F00725,Healthcare Facility 725,Agra,Diagnostic Center,479
F00726,Healthcare Facility 726,Agra,Diagnostic Center,389
F00727,Healthcare Facility 727,Delhi,Clinic,95
F00728,Healthcare Facility 728,Morena,Specialty Center,133
F00729,Healthcare Facility 729,Gwalior,Diagnostic Center,22
F00730,Healthcare Facility 730,Jaipur,Clinic,253
F00731,Healthcare Facility 731,Bhopal,Hospital,186
F00732,Healthcare Facility 732,Agra,Diagnostic Center,118
F00733,Healthcare Facility 733,Delhi,Clinic,143
F00734,Healthcare Facility 734,Delhi,Diagnostic Center,486
F00735,Healthcare Facility 735,Bhopal,Hospital,64
F00736,Healthcare Facility 736,Bhopal,Hospital,401
F00737,Healthcare Facility 737,Indore,Diagnostic Center,343
F00738,Healthcare Facility 738,Jhansi,Hospital,306
F00739,Healthcare Facility 739,Morena,Clinic,125
F00740,Healthcare Facility 740,Agra,Diagnostic Center,313
F00741,Healthcare Facility 741,Agra,Diagnostic Center,153
F00742,Healthcare Facility 742,Bhopal,Hospital,27
F00743,Healthcare Facility 743,Jhansi,Clinic,47
F00744,Healthcare Facility 744,Jaipur,Diagnostic Center,290
F00745,Healthcare Facility 745,Indore,Diagnostic Center,242
F00746,Healthcare Facility 746,Gwalior,Hospital,27
F00747,Healthcare Facility 747,Agra,Hospital,329
F00748,Healthcare Facility 748,Delhi,Clinic,153
F00749,Healthcare Facility 749,Jaipur,Clinic,48
F00750,Healthcare Facility 750,Bhopal,Hospital,134
F00751,Healthcare Facility 751,Agra,Clinic,53
F00752,Healthcare Facility 752,Morena,Specialty Center,26
F00753,Healthcare Facility 753,Bhopal,Specialty Center,59
F00754,Healthcare Facility 754,Delhi,Hospital,349
F00755,Healthcare Facility 755,Morena,Diagnostic Center,416
F00756,Healthcare Facility 756,Indore,Hospital,81
F00757,Healthcare Facility 757,Bhopal,Hospital,105
F00758,Healthcare Facility 758,Bhopal,Hospital,232
F00759,Healthcare Facility 759,Agra,Diagnostic Center,135
F00760,Healthcare Facility 760,Morena,Specialty Center,84
F00761,Healthcare Facility 761,Jhansi,Clinic,316
F00762,Healthcare Facility 762,Indore,Specialty Center,398
F00763,Healthcare Facility 763,Jhansi,Clinic,189
F00764,Healthcare Facility 764,Bhopal,Clinic,135
F00765,Healthcare Facility 765,Jaipur,Hospital,341
F00766,Healthcare Facility 766,Jhansi,Hospital,135
F00767,Healthcare Facility 767,Delhi,Clinic,240
F00768,Healthcare Facility 768,Morena,Diagnostic Center,414
F00769,Healthcare Facility 769,Jaipur,Diagnostic Center,376
F00770,Healthcare Facility 770,Agra,Diagnostic Center,69
F00771,Healthcare Facility 771,Gwalior,Diagnostic Center,346
F00772,Healthcare Facility 772,Indore,Hospital,438
F00773,Healthcare Facility 773,Bhopal,Specialty Center,497
F00774,Healthcare Facility 774,Gwalior,Specialty Center,355
F00775,Healthcare Facility 775,Bhopal,Clinic,98
F00776,Healthcare Facility 776,Jhansi,Diagnostic Center,39
F00777,Healthcare Facility 777,Jaipur,Hospital,431
F00778,Healthcare Facility 778,Agra,Hospital,398
F00779,Healthcare Facility 779,Jhansi,Hospital,56
F00780,Healthcare Facility 780,Agra,Clinic,278
F00781,Healthcare Facility 781,Jhansi,Hospital,112
F00782,Healthcare Facility 782,Agra,Clinic,206
F00783,Healthcare Facility 783,Agra,Clinic,376
F00784,Healthcare Facility 784,Morena,Clinic,220
F00785,Healthcare Facility 785,Jhansi,Clinic,430
F00786,Healthcare Facility 786,Morena,Hospital,307
F00787,Healthcare Facility 787,Bhopal,Hospital,67
F00788,Healthcare Facility 788,Morena,Specialty Center,272
F00789,Healthcare Facility 789,Bhopal,Hospital,65
F00790,Healthcare Facility 790,Indore,Diagnostic Center,389
F00791,Healthcare Facility 791,Morena,Diagnostic Center,250
F00792,Healthcare Facility 792,Morena,Clinic,114
F00793,Healthcare Facility 793,Morena,Clinic,322
F00794,Healthcare Facility 794,Indore,Clinic,237
F00795,Healthcare Facility 795,Delhi,Specialty Center,59
F00796,Healthcare Facility 796,Indore,Clinic,406
F00797,Healthcare Facility 797,Agra,Specialty Center,222
F00798,Healthcare Facility 798,Indore,Clinic,135
F00799,Healthcare Facility 799,Delhi,Diagnostic Center,432
F00800,Healthcare Facility 800,Morena,Clinic,110
F00801,Healthcare Facility 801,Morena,Hospital,77
F00802,Healthcare Facility 802,Delhi,Clinic,453
F00803,Healthcare Facility 803,Jhansi,Hospital,29
F00804,Healthcare Facility 804,Jaipur,Hospital,275
F00805,Healthcare Facility 805,Bhopal,Hospital,336
F00806,Healthcare Facility 806,Agra,Hospital,268
F00807,Healthcare Facility 807,Indore,Specialty Center,386
F00808,Healthcare Facility 808,Bhopal,Specialty Center,396
F00809,Healthcare Facility 809,Jhansi,Clinic,336
F00810,Healthcare Facility 810,Jaipur,Clinic,426
F00811,Healthcare Facility 811,Agra,Specialty Center,25
F00812,Healthcare Facility 812,Gwalior,Clinic,350
F00813,Healthcare Facility 813,Agra,Clinic,207
F00814,Healthcare Facility 814,Indore,Specialty Center,254
F00815,Healthcare Facility 815,Bhopal,Specialty Center,390
F00816,Healthcare Facility 816,Agra,Clinic,430
F00817,Healthcare Facility 817,Gwalior,Specialty Center,202
F00818,Healthcare Facility 818,Gwalior,Diagnostic Center,306
F00819,Healthcare Facility 819,Morena,Hospital,142
F00820,Healthcare Facility 820,Indore,Hospital,177
F00821,Healthcare Facility 821,Gwalior,Diagnostic Center,342
F00822,Healthcare Facility 822,Delhi,Diagnostic Center,32
F00823,Healthcare Facility 823,Bhopal,Clinic,334
F00824,Healthcare Facility 824,Delhi,Clinic,73
F00825,Healthcare Facility 825,Jaipur,Hospital,379
F00826,Healthcare Facility 826,Delhi,Clinic,296
F00827,Healthcare Facility 827,Bhopal,Hospital,62
F00828,Healthcare Facility 828,Jhansi,Clinic,286
F00829,Healthcare Facility 829,Jaipur,Clinic,128
F00830,Healthcare Facility 830,Delhi,Hospital,342
F00831,Healthcare Facility 831,Jhansi,Diagnostic Center,185
F00832,Healthcare Facility 832,Delhi,Diagnostic Center,370
F00833,Healthcare Facility 833,Indore,Clinic,427
F00834,Healthcare Facility 834,Jaipur,Diagnostic Center,125
F00835,Healthcare Facility 835,Delhi,Clinic,70
F00836,Healthcare Facility 836,Gwalior,Specialty Center,223
F00837,Healthcare Facility 837,Jhansi,Specialty Center,464
F00838,Healthcare Facility 838,Bhopal,Specialty Center,321
F00839,Healthcare Facility 839,Bhopal,Diagnostic Center,62
F00840,Healthcare Facility 840,Bhopal,Diagnostic Center,302
F00841,Healthcare Facility 841,Delhi,Hospital,104
F00842,Healthcare Facility 842,Gwalior,Diagnostic Center,236
F00843,Healthcare Facility 843,Bhopal,Clinic,177
F00844,Healthcare Facility 844,Agra,Hospital,369
F00845,Healthcare Facility 845,Bhopal,Diagnostic Center,146
F00846,Healthcare Facility 846,Morena,Hospital,210
F00847,Healthcare Facility 847,Agra,Diagnostic Center,285
F00848,Healthcare Facility 848,Bhopal,Clinic,406
F00849,Healthcare Facility 849,Delhi,Specialty Center,480
F00850,Healthcare Facility 850,Jhansi,Specialty Center,79
F00851,Healthcare Facility 851,Bhopal,Clinic,302
F00852,Healthcare Facility 852,Gwalior,Hospital,485
F00853,Healthcare Facility 853,Gwalior,Specialty Center,398
F00854,Healthcare Facility 854,Bhopal,Diagnostic Center,448
F00855,Healthcare Facility 855,Indore,Diagnostic Center,81
F00856,Healthcare Facility 856,Delhi,Hospital,427
F00857,Healthcare Facility 857,Delhi,Hospital,321
F00858,Healthcare Facility 858,Delhi,Clinic,145
F00859,Healthcare Facility 859,Bhopal,Specialty Center,481
F00860,Healthcare Facility 860,Jhansi,Hospital,191
F00861,Healthcare Facility 861,Bhopal,Specialty Center,82
F00862,Healthcare Facility 862,Morena,Specialty Center,279
F00863,Healthcare Facility 863,Gwalior,Diagnostic Center,35
F00864,Healthcare Facility 864,Indore,Hospital,198
F00865,Healthcare Facility 865,Agra,Clinic,349
F00866,Healthcare Facility 866,Agra,Hospital,387
F00867,Healthcare Facility 867,Jhansi,Specialty Center,120
F00868,Healthcare Facility 868,Gwalior,Diagnostic Center,494
F00869,Healthcare Facility 869,Jaipur,Hospital,195
F00870,Healthcare Facility 870,Morena,Hospital,212
F00871,Healthcare Facility 871,Gwalior,Hospital,472
F00872,Healthcare Facility 872,Morena,Clinic,480
F00873,Healthcare Facility 873,Jaipur,Clinic,320
F00874,Healthcare Facility 874,Morena,Clinic,406
F00875,Healthcare Facility 875,Delhi,Clinic,292
F00876,Healthcare Facility 876,Gwalior,Diagnostic Center,486
F00877,Healthcare Facility 877,Agra,Diagnostic Center,440
F00878,Healthcare Facility 878,Bhopal,Clinic,280
F00879,Healthcare Facility 879,Jaipur,Specialty Center,194
F00880,Healthcare Facility 880,Jaipur,Clinic,253
F00881,Healthcare Facility 881,Bhopal,Clinic,319
F00882,Healthcare Facility 882,Gwalior,Specialty Center,235
F00883,Healthcare Facility 883,Indore,Hospital,436
F00884,Healthcare Facility 884,Bhopal,Specialty Center,266
F00885,Healthcare Facility 885,Morena,Specialty Center,40
F00886,Healthcare Facility 886,Bhopal,Diagnostic Center,470
F00887,Healthcare Facility 887,Morena,Hospital,343
F00888,Healthcare Facility 888,Morena,Specialty Center,262
F00889,Healthcare Facility 889,Agra,Clinic,307
F00890,Healthcare Facility 890,Bhopal,Specialty Center,299
F00891,Healthcare Facility 891,Indore,Diagnostic Center,263
F00892,Healthcare Facility 892,Agra,Specialty Center,182
F00893,Healthcare Facility 893,Indore,Clinic,165
F00894,Healthcare Facility 894,Bhopal,Hospital,86
F00895,Healthcare Facility 895,Indore,Diagnostic Center,122
F00896,Healthcare Facility 896,Morena,Hospital,329
F00897,Healthcare Facility 897,Indore,Diagnostic Center,429
F00898,Healthcare Facility 898,Bhopal,Clinic,463
F00899,Healthcare Facility 899,Jaipur,Diagnostic Center,144
F00900,Healthcare Facility 900,Jaipur,Hospital,136
F00901,Healthcare Facility 901,Agra,Hospital,491
F00902,Healthcare Facility 902,Jhansi,Specialty Center,270
F00903,Healthcare Facility 903,Delhi,Hospital,340
F00904,Healthcare Facility 904,Jaipur,Specialty Center,454
F00905,Healthcare Facility 905,Indore,Hospital,389
F00906,Healthcare Facility 906,Agra,Specialty Center,245
F00907,Healthcare Facility 907,Indore,Clinic,207
F00908,Healthcare Facility 908,Delhi,Specialty Center,206
F00909,Healthcare Facility 909,Gwalior,Hospital,95
F00910,Healthcare Facility 910,Agra,Clinic,292
F00911,Healthcare Facility 911,Jaipur,Diagnostic Center,488
F00912,Healthcare Facility 912,Jaipur,Hospital,168
F00913,Healthcare Facility 913,Bhopal,Specialty Center,214
F00914,Healthcare Facility 914,Delhi,Diagnostic Center,383
F00915,Healthcare Facility 915,Jaipur,Specialty Center,303
F00916,Healthcare Facility 916,Bhopal,Diagnostic Center,492
F00917,Healthcare Facility 917,Delhi,Clinic,63
F00918,Healthcare Facility 918,Agra,Hospital,473
F00919,Healthcare Facility 919,Agra,Clinic,465
F00920,Healthcare Facility 920,Bhopal,Hospital,189
F00921,Healthcare Facility 921,Agra,Diagnostic Center,113
F00922,Healthcare Facility 922,Bhopal,Clinic,243
F00923,Healthcare Facility 923,Morena,Hospital,297
F00924,Healthcare Facility 924,Indore,Diagnostic Center,57
F00925,Healthcare Facility 925,Delhi,Clinic,289
F00926,Healthcare Facility 926,Bhopal,Clinic,254
F00927,Healthcare Facility 927,Delhi,Clinic,130
F00928,Healthcare Facility 928,Jhansi,Clinic,397
F00929,Healthcare Facility 929,Morena,Specialty Center,429
F00930,Healthcare Facility 930,Delhi,Diagnostic Center,187
F00931,Healthcare Facility 931,Bhopal,Specialty Center,73
F00932,Healthcare Facility 932,Indore,Diagnostic Center,416
F00933,Healthcare Facility 933,Indore,Diagnostic Center,146
F00934,Healthcare Facility 934,Agra,Diagnostic Center,497
F00935,Healthcare Facility 935,Indore,Hospital,294
F00936,Healthcare Facility 936,Indore,Diagnostic Center,61
F00937,Healthcare Facility 937,Jhansi,Clinic,60
F00938,Healthcare Facility 938,Delhi,Specialty Center,69
F00939,Healthcare Facility 939,Delhi,Clinic,406
F00940,Healthcare Facility 940,Jaipur,Clinic,178
F00941,Healthcare Facility 941,Jaipur,Specialty Center,351
F00942,Healthcare Facility 942,Morena,Clinic,418
F00943,Healthcare Facility 943,Gwalior,Hospital,201
F00944,Healthcare Facility 944,Indore,Clinic,200
F00945,Healthcare Facility 945,Agra,Clinic,448
F00946,Healthcare Facility 946,Indore,Specialty Center,185
F00947,Healthcare Facility 947,Bhopal,Clinic,251
F00948,Healthcare Facility 948,Morena,Specialty Center,225
F00949,Healthcare Facility 949,Bhopal,Diagnostic Center,374
F00950,Healthcare Facility 950,Bhopal,Diagnostic Center,483
F00951,Healthcare Facility 951,Delhi,Hospital,69
F00952,Healthcare Facility 952,Morena,Specialty Center,427
F00953,Healthcare Facility 953,Morena,Specialty Center,420
F00954,Healthcare Facility 954,Jaipur,Specialty Center,165
F00955,Healthcare Facility 955,Jhansi,Hospital,317
F00956,Healthcare Facility 956,Agra,Hospital,164
F00957,Healthcare Facility 957,Gwalior,Clinic,35
F00958,Healthcare Facility 958,Bhopal,Specialty Center,104
F00959,Healthcare Facility 959,Indore,Hospital,235
F00960,Healthcare Facility 960,Agra,Diagnostic Center,71
F00961,Healthcare Facility 961,Indore,Diagnostic Center,55
F00962,Healthcare Facility 962,Jaipur,Specialty Center,126
F00963,Healthcare Facility 963,Jhansi,Diagnostic Center,238
F00964,Healthcare Facility 964,Jhansi,Clinic,442
F00965,Healthcare Facility 965,Agra,Clinic,356
F00966,Healthcare Facility 966,Bhopal,Specialty Center,428
F00967,Healthcare Facility 967,Delhi,Hospital,390
F00968,Healthcare Facility 968,Delhi,Hospital,317
F00969,Healthcare Facility 969,Bhopal,Hospital,273
F00970,Healthcare Facility 970,Jaipur,Hospital,424
F00971,Healthcare Facility 971,Jaipur,Specialty Center,87
F00972,Healthcare Facility 972,Morena,Clinic,492
F00973,Healthcare Facility 973,Gwalior,Specialty Center,206
F00974,Healthcare Facility 974,Indore,Specialty Center,143
F00975,Healthcare Facility 975,Delhi,Diagnostic Center,49
F00976,Healthcare Facility 976,Gwalior,Clinic,204
F00977,Healthcare Facility 977,Agra,Hospital,308
F00978,Healthcare Facility 978,Indore,Clinic,378
F00979,Healthcare Facility 979,Indore,Diagnostic Center,493
F00980,Healthcare Facility 980,Indore,Specialty Center,492
F00981,Healthcare Facility 981,Agra,Clinic,72
F00982,Healthcare Facility 982,Bhopal,Diagnostic Center,419
F00983,Healthcare Facility 983,Jhansi,Specialty Center,196
F00984,Healthcare Facility 984,Jhansi,Hospital,491
F00985,Healthcare Facility 985,Bhopal,Clinic,152
F00986,Healthcare Facility 986,Bhopal,Hospital,381
F00987,Healthcare Facility 987,Indore,Hospital,96
F00988,Healthcare Facility 988,Jaipur,Diagnostic Center,369
F00989,Healthcare Facility 989,Delhi,Diagnostic Center,79
F00990,Healthcare Facility 990,Gwalior,Specialty Center,474
F00991,Healthcare Facility 991,Jhansi,Hospital,386
F00992,Healthcare Facility 992,Agra,Diagnostic Center,484
F00993,Healthcare Facility 993,Gwalior,Diagnostic Center,330
F00994,Healthcare Facility 994,Jhansi,Hospital,110
F00995,Healthcare Facility 995,Delhi,Specialty Center,438
F00996,Healthcare Facility 996,Indore,Hospital,472
F00997,Healthcare Facility 997,Gwalior,Specialty Center,317
F00998,Healthcare Facility 998,Indore,Specialty Center,344
F00999,Healthcare Facility 999,Gwalior,Diagnostic Center,299
F01000,Healthcare Facility 1000,Jaipur,Hospital,218
F01001,Healthcare Facility 1001,Jhansi,Hospital,474
F01002,Healthcare Facility 1002,Bhopal,Diagnostic Center,137
F01003,Healthcare Facility 1003,Jaipur,Clinic,202
F01004,Healthcare Facility 1004,Jaipur,Clinic,417
F01005,Healthcare Facility 1005,Indore,Hospital,74
F01006,Healthcare Facility 1006,Gwalior,Diagnostic Center,290
F01007,Healthcare Facility 1007,Gwalior,Specialty Center,24
F01008,Healthcare Facility 1008,Jaipur,Specialty Center,120
F01009,Healthcare Facility 1009,Gwalior,Hospital,407
F01010,Healthcare Facility 1010,Jaipur,Diagnostic Center,305
F01011,Healthcare Facility 1011,Morena,Hospital,487
F01012,Healthcare Facility 1012,Jhansi,Hospital,72
F01013,Healthcare Facility 1013,Jaipur,Diagnostic Center,237
F01014,Healthcare Facility 1014,Agra,Hospital,348
F01015,Healthcare Facility 1015,Agra,Specialty Center,305
F01016,Healthcare Facility 1016,Gwalior,Clinic,259
F01017,Healthcare Facility 1017,Jaipur,Specialty Center,233
F01018,Healthcare Facility 1018,Jaipur,Clinic,123
F01019,Healthcare Facility 1019,Bhopal,Diagnostic Center,380
F01020,Healthcare Facility 1020,Jhansi,Hospital,383
F01021,Healthcare Facility 1021,Indore,Clinic,241
F01022,Healthcare Facility 1022,Bhopal,Diagnostic Center,359
F01023,Healthcare Facility 1023,Bhopal,Diagnostic Center,367
F01024,Healthcare Facility 1024,Jaipur,Diagnostic Center,208
F01025,Healthcare Facility 1025,Jhansi,Specialty Center,346
F01026,Healthcare Facility 1026,Jaipur,Specialty Center,343
F01027,Healthcare Facility 1027,Agra,Clinic,495
F01028,Healthcare Facility 1028,Delhi,Clinic,330
F01029,Healthcare Facility 1029,Gwalior,Specialty Center,118
F01030,Healthcare Facility 1030,Agra,Clinic,116
F01031,Healthcare Facility 1031,Bhopal,Clinic,346
F01032,Healthcare Facility 1032,Agra,Hospital,92
F01033,Healthcare Facility 1033,Agra,Clinic,275
F01034,Healthcare Facility 1034,Agra,Diagnostic Center,250
F01035,Healthcare Facility 1035,Jhansi,Hospital,189
F01036,Healthcare Facility 1036,Bhopal,Clinic,352
F01037,Healthcare Facility 1037,Delhi,Hospital,176
F01038,Healthcare Facility 1038,Morena,Diagnostic Center,438
F01039,Healthcare Facility 1039,Gwalior,Clinic,448
F01040,Healthcare Facility 1040,Gwalior,Hospital,477
F01041,Healthcare Facility 1041,Indore,Clinic,241
F01042,Healthcare Facility 1042,Agra,Hospital,383
F01043,Healthcare Facility 1043,Delhi,Hospital,365
F01044,Healthcare Facility 1044,Bhopal,Diagnostic Center,118
F01045,Healthcare Facility 1045,Morena,Diagnostic Center,239
F01046,Healthcare Facility 1046,Morena,Clinic,432
F01047,Healthcare Facility 1047,Agra,Specialty Center,263
F01048,Healthcare Facility 1048,Agra,Clinic,473
F01049,Healthcare Facility 1049,Bhopal,Hospital,278
F01050,Healthcare Facility 1050,Indore,Diagnostic Center,496
F01051,Healthcare Facility 1051,Bhopal,Diagnostic Center,460
F01052,Healthcare Facility 1052,Jhansi,Hospital,213
F01053,Healthcare Facility 1053,Jaipur,Specialty Center,394
F01054,Healthcare Facility 1054,Bhopal,Diagnostic Center,169
F01055,Healthcare Facility 1055,Agra,Specialty Center,386
F01056,Healthcare Facility 1056,Delhi,Diagnostic Center,174
F01057,Healthcare Facility 1057,Agra,Hospital,41
F01058,Healthcare Facility 1058,Indore,Clinic,477
F01059,Healthcare Facility 1059,Agra,Clinic,135
F01060,Healthcare Facility 1060,Morena,Specialty Center,132
F01061,Healthcare Facility 1061,Jhansi,Clinic,452
F01062,Healthcare Facility 1062,Bhopal,Hospital,230
F01063,Healthcare Facility 1063,Gwalior,Clinic,43
F01064,Healthcare Facility 1064,Bhopal,Specialty Center,302
F01065,Healthcare Facility 1065,Jaipur,Hospital,311
F01066,Healthcare Facility 1066,Delhi,Hospital,382
F01067,Healthcare Facility 1067,Delhi,Diagnostic Center,420
F01068,Healthcare Facility 1068,Bhopal,Diagnostic Center,75
F01069,Healthcare Facility 1069,Bhopal,Clinic,285
F01070,Healthcare Facility 1070,Agra,Specialty Center,73
F01071,Healthcare Facility 1071,Gwalior,Hospital,356
F01072,Healthcare Facility 1072,Indore,Clinic,127
F01073,Healthcare Facility 1073,Agra,Clinic,221
F01074,Healthcare Facility 1074,Jhansi,Diagnostic Center,221
F01075,Healthcare Facility 1075,Morena,Clinic,441
F01076,Healthcare Facility 1076,Jhansi,Clinic,356
F01077,Healthcare Facility 1077,Morena,Diagnostic Center,402
F01078,Healthcare Facility 1078,Jhansi,Clinic,493
F01079,Healthcare Facility 1079,Delhi,Clinic,237
F01080,Healthcare Facility 1080,Delhi,Hospital,262
F01081,Healthcare Facility 1081,Gwalior,Clinic,373
F01082,Healthcare Facility 1082,Delhi,Diagnostic Center,407
F01083,Healthcare Facility 1083,Jaipur,Diagnostic Center,197
F01084,Healthcare Facility 1084,Jhansi,Hospital,494
F01085,Healthcare Facility 1085,Morena,Diagnostic Center,80
F01086,Healthcare Facility 1086,Gwalior,Diagnostic Center,424
F01087,Healthcare Facility 1087,Morena,Diagnostic Center,55
F01088,Healthcare Facility 1088,Bhopal,Clinic,377
F01089,Healthcare Facility 1089,Bhopal,Hospital,65
F01090,Healthcare Facility 1090,Gwalior,Specialty Center,114
F01091,Healthcare Facility 1091,Agra,Hospital,346
F01092,Healthcare Facility 1092,Jaipur,Hospital,63
F01093,Healthcare Facility 1093,Indore,Hospital,339
F01094,Healthcare Facility 1094,Jaipur,Specialty Center,245
F01095,Healthcare Facility 1095,Jhansi,Specialty Center,165
F01096,Healthcare Facility 1096,Indore,Diagnostic Center,491
F01097,Healthcare Facility 1097,Delhi,Clinic,288
F01098,Healthcare Facility 1098,Indore,Diagnostic Center,32
F01099,Healthcare Facility 1099,Gwalior,Diagnostic Center,44
F01100,Healthcare Facility 1100,Jaipur,Specialty Center,280
F01101,Healthcare Facility 1101,Indore,Diagnostic Center,147
F01102,Healthcare Facility 1102,Delhi,Diagnostic Center,58
F01103,Healthcare Facility 1103,Morena,Specialty Center,176
F01104,Healthcare Facility 1104,Indore,Hospital,383
F01105,Healthcare Facility 1105,Agra,Hospital,204
F01106,Healthcare Facility 1106,Delhi,Specialty Center,193
F01107,Healthcare Facility 1107,Bhopal,Clinic,436
F01108,Healthcare Facility 1108,Indore,Diagnostic Center,491
F01109,Healthcare Facility 1109,Bhopal,Hospital,413
F01110,Healthcare Facility 1110,Morena,Specialty Center,205
F01111,Healthcare Facility 1111,Gwalior,Clinic,300
F01112,Healthcare Facility 1112,Delhi,Diagnostic Center,93
F01113,Healthcare Facility 1113,Indore,Specialty Center,314
F01114,Healthcare Facility 1114,Indore,Specialty Center,35
F01115,Healthcare Facility 1115,Morena,Specialty Center,207
F01116,Healthcare Facility 1116,Indore,Diagnostic Center,431
F01117,Healthcare Facility 1117,Bhopal,Hospital,479
F01118,Healthcare Facility 1118,Indore,Diagnostic Center,191
F01119,Healthcare Facility 1119,Jhansi,Diagnostic Center,205
F01120,Healthcare Facility 1120,Indore,Hospital,51
F01121,Healthcare Facility 1121,Bhopal,Specialty Center,82
F01122,Healthcare Facility 1122,Bhopal,Clinic,368
F01123,Healthcare Facility 1123,Agra,Clinic,320
F01124,Healthcare Facility 1124,Agra,Hospital,328
F01125,Healthcare Facility 1125,Bhopal,Hospital,208
F01126,Healthcare Facility 1126,Jaipur,Specialty Center,325
F01127,Healthcare Facility 1127,Gwalior,Clinic,430
F01128,Healthcare Facility 1128,Agra,Clinic,45
F01129,Healthcare Facility 1129,Delhi,Specialty Center,406
F01130,Healthcare Facility 1130,Agra,Hospital,365
F01131,Healthcare Facility 1131,Delhi,Hospital,58
F01132,Healthcare Facility 1132,Agra,Specialty Center,212
F01133,Healthcare Facility 1133,Bhopal,Hospital,182
F01134,Healthcare Facility 1134,Indore,Diagnostic Center,72
F01135,Healthcare Facility 1135,Delhi,Hospital,494
F01136,Healthcare Facility 1136,Jhansi,Diagnostic Center,193
F01137,Healthcare Facility 1137,Indore,Clinic,215
F01138,Healthcare Facility 1138,Indore,Clinic,230
F01139,Healthcare Facility 1139,Gwalior,Hospital,297
F01140,Healthcare Facility 1140,Agra,Specialty Center,207
F01141,Healthcare Facility 1141,Agra,Hospital,409
F01142,Healthcare Facility 1142,Bhopal,Specialty Center,327
F01143,Healthcare Facility 1143,Delhi,Clinic,476
F01144,Healthcare Facility 1144,Jaipur,Clinic,350
F01145,Healthcare Facility 1145,Bhopal,Clinic,233
F01146,Healthcare Facility 1146,Indore,Specialty Center,348
F01147,Healthcare Facility 1147,Delhi,Specialty Center,48
F01148,Healthcare Facility 1148,Agra,Clinic,190
F01149,Healthcare Facility 1149,Agra,Hospital,141
F01150,Healthcare Facility 1150,Agra,Specialty Center,477
F01151,Healthcare Facility 1151,Agra,Diagnostic Center,437
F01152,Healthcare Facility 1152,Jhansi,Clinic,178
F01153,Healthcare Facility 1153,Morena,Specialty Center,105
F01154,Healthcare Facility 1154,Agra,Clinic,321
F01155,Healthcare Facility 1155,Agra,Diagnostic Center,23
F01156,Healthcare Facility 1156,Jaipur,Hospital,21
F01157,Healthcare Facility 1157,Jaipur,Diagnostic Center,152
F01158,Healthcare Facility 1158,Delhi,Hospital,321
F01159,Healthcare Facility 1159,Indore,Hospital,98
F01160,Healthcare Facility 1160,Agra,Specialty Center,166
F01161,Healthcare Facility 1161,Agra,Hospital,185
F01162,Healthcare Facility 1162,Jhansi,Hospital,334
F01163,Healthcare Facility 1163,Delhi,Hospital,482
F01164,Healthcare Facility 1164,Indore,Clinic,257
F01165,Healthcare Facility 1165,Agra,Specialty Center,347
F01166,Healthcare Facility 1166,Jhansi,Specialty Center,295
F01167,Healthcare Facility 1167,Agra,Hospital,223
F01168,Healthcare Facility 1168,Bhopal,Clinic,471
F01169,Healthcare Facility 1169,Morena,Hospital,72
F01170,Healthcare Facility 1170,Delhi,Specialty Center,126
F01171,Healthcare Facility 1171,Bhopal,Specialty Center,74
F01172,Healthcare Facility 1172,Jaipur,Specialty Center,265
F01173,Healthcare Facility 1173,Indore,Specialty Center,442
F01174,Healthcare Facility 1174,Gwalior,Clinic,396
F01175,Healthcare Facility 1175,Gwalior,Diagnostic Center,183
F01176,Healthcare Facility 1176,Jaipur,Diagnostic Center,461
F01177,Healthcare Facility 1177,Morena,Clinic,34
F01178,Healthcare Facility 1178,Indore,Hospital,20
F01179,Healthcare Facility 1179,Indore,Specialty Center,370
F01180,Healthcare Facility 1180,Jhansi,Specialty Center,156
F01181,Healthcare Facility 1181,Gwalior,Specialty Center,170
F01182,Healthcare Facility 1182,Morena,Clinic,199
F01183,Healthcare Facility 1183,Gwalior,Clinic,429
F01184,Healthcare Facility 1184,Gwalior,Specialty Center,251
F01185,Healthcare Facility 1185,Indore,Specialty Center,207
F01186,Healthcare Facility 1186,Jhansi,Hospital,37
F01187,Healthcare Facility 1187,Bhopal,Diagnostic Center,244
F01188,Healthcare Facility 1188,Indore,Clinic,124
F01189,Healthcare Facility 1189,Gwalior,Diagnostic Center,225
F01190,Healthcare Facility 1190,Indore,Specialty Center,205
F01191,Healthcare Facility 1191,Jaipur,Diagnostic Center,84
F01192,Healthcare Facility 1192,Morena,Diagnostic Center,352
F01193,Healthcare Facility 1193,Agra,Clinic,391
F01194,Healthcare Facility 1194,Indore,Clinic,226
F01195,Healthcare Facility 1195,Indore,Hospital,248
F01196,Healthcare Facility 1196,Agra,Specialty Center,88
F01197,Healthcare Facility 1197,Agra,Hospital,161
F01198,Healthcare Facility 1198,Morena,Clinic,225
F01199,Healthcare Facility 1199,Jhansi,Hospital,193
F01200,Healthcare Facility 1200,Morena,Diagnostic Center,216
F01201,Healthcare Facility 1201,Agra,Diagnostic Center,350
F01202,Healthcare Facility 1202,Jaipur,Clinic,435
F01203,Healthcare Facility 1203,Gwalior,Diagnostic Center,326
F01204,Healthcare Facility 1204,Agra,Specialty Center,216
F01205,Healthcare Facility 1205,Delhi,Clinic,247
F01206,Healthcare Facility 1206,Indore,Specialty Center,290
F01207,Healthcare Facility 1207,Morena,Clinic,456
F01208,Healthcare Facility 1208,Delhi,Clinic,218
F01209,Healthcare Facility 1209,Delhi,Diagnostic Center,344
F01210,Healthcare Facility 1210,Morena,Clinic,497
F01211,Healthcare Facility 1211,Jhansi,Clinic,34
F01212,Healthcare Facility 1212,Indore,Hospital,305
F01213,Healthcare Facility 1213,Agra,Diagnostic Center,353
F01214,Healthcare Facility 1214,Jaipur,Specialty Center,427
F01215,Healthcare Facility 1215,Bhopal,Clinic,235
F01216,Healthcare Facility 1216,Jhansi,Specialty Center,54
F01217,Healthcare Facility 1217,Jhansi,Hospital,88
F01218,Healthcare Facility 1218,Delhi,Clinic,415
F01219,Healthcare Facility 1219,Agra,Specialty Center,231
F01220,Healthcare Facility 1220,Bhopal,Diagnostic Center,65
F01221,Healthcare Facility 1221,Indore,Hospital,401
F01222,Healthcare Facility 1222,Delhi,Hospital,472
F01223,Healthcare Facility 1223,Agra,Specialty Center,267
F01224,Healthcare Facility 1224,Delhi,Clinic,439
F01225,Healthcare Facility 1225,Jhansi,Clinic,104
F01226,Healthcare Facility 1226,Agra,Diagnostic Center,67
F01227,Healthcare Facility 1227,Jhansi,Diagnostic Center,250
F01228,Healthcare Facility 1228,Indore,Clinic,86
F01229,Healthcare Facility 1229,Jaipur,Hospital,496
F01230,Healthcare Facility 1230,Indore,Diagnostic Center,457
F01231,Healthcare Facility 1231,Gwalior,Diagnostic Center,108
F01232,Healthcare Facility 1232,Gwalior,Hospital,238
F01233,Healthcare Facility 1233,Indore,Clinic,439
F01234,Healthcare Facility 1234,Morena,Specialty Center,71
F01235,Healthcare Facility 1235,Bhopal,Diagnostic Center,41
F01236,Healthcare Facility 1236,Indore,Hospital,441
F01237,Healthcare Facility 1237,Indore,Diagnostic Center,118
F01238,Healthcare Facility 1238,Delhi,Hospital,465
F01239,Healthcare Facility 1239,Delhi,Diagnostic Center,468
F01240,Healthcare Facility 1240,Agra,Clinic,150
F01241,Healthcare Facility 1241,Bhopal,Hospital,107
F01242,Healthcare Facility 1242,Jhansi,Specialty Center,155
F01243,Healthcare Facility 1243,Delhi,Specialty Center,393
F01244,Healthcare Facility 1244,Bhopal,Diagnostic Center,58
F01245,Healthcare Facility 1245,Indore,Specialty Center,37
F01246,Healthcare Facility 1246,Bhopal,Diagnostic Center,124
F01247,Healthcare Facility 1247,Gwalior,Hospital,406
F01248,Healthcare Facility 1248,Jhansi,Hospital,165
F01249,Healthcare Facility 1249,Delhi,Specialty Center,355
F01250,Healthcare Facility 1250,Delhi,Specialty Center,243
F01251,Healthcare Facility 1251,Morena,Clinic,136
F01252,Healthcare Facility 1252,Bhopal,Hospital,20
F01253,Healthcare Facility 1253,Agra,Specialty Center,136
F01254,Healthcare Facility 1254,Jhansi,Specialty Center,403
F01255,Healthcare Facility 1255,Gwalior,Specialty Center,45
F01256,Healthcare Facility 1256,Indore,Diagnostic Center,455
F01257,Healthcare Facility 1257,Morena,Clinic,31
F01258,Healthcare Facility 1258,Gwalior,Hospital,313
F01259,Healthcare Facility 1259,Agra,Specialty Center,360
F01260,Healthcare Facility 1260,Morena,Specialty Center,188
F01261,Healthcare Facility 1261,Gwalior,Specialty Center,72
F01262,Healthcare Facility 1262,Agra,Diagnostic Center,288
F01263,Healthcare Facility 1263,Jaipur,Hospital,267
F01264,Healthcare Facility 1264,Morena,Specialty Center,147
F01265,Healthcare Facility 1265,Agra,Specialty Center,95
F01266,Healthcare Facility 1266,Morena,Diagnostic Center,288
F01267,Healthcare Facility 1267,Delhi,Diagnostic Center,165
F01268,Healthcare Facility 1268,Delhi,Clinic,422
F01269,Healthcare Facility 1269,Gwalior,Clinic,422
F01270,Healthcare Facility 1270,Jhansi,Hospital,473
F01271,Healthcare Facility 1271,Bhopal,Clinic,67
F01272,Healthcare Facility 1272,Jaipur,Hospital,218
F01273,Healthcare Facility 1273,Indore,Clinic,90
F01274,Healthcare Facility 1274,Bhopal,Specialty Center,431
F01275,Healthcare Facility 1275,Indore,Clinic,111
F01276,Healthcare Facility 1276,Indore,Specialty Center,422
F01277,Healthcare Facility 1277,Indore,Hospital,483
F01278,Healthcare Facility 1278,Agra,Clinic,228
F01279,Healthcare Facility 1279,Morena,Clinic,361
F01280,Healthcare Facility 1280,Delhi,Clinic,358
F01281,Healthcare Facility 1281,Bhopal,Specialty Center,67
F01282,Healthcare Facility 1282,Jhansi,Specialty Center,48
F01283,Healthcare Facility 1283,Indore,Clinic,195
F01284,Healthcare Facility 1284,Delhi,Hospital,38
F01285,Healthcare Facility 1285,Indore,Specialty Center,374
F01286,Healthcare Facility 1286,Jaipur,Diagnostic Center,66
F01287,Healthcare Facility 1287,Agra,Hospital,364
F01288,Healthcare Facility 1288,Jhansi,Hospital,79
F01289,Healthcare Facility 1289,Jaipur,Hospital,195
F01290,Healthcare Facility 1290,Jaipur,Specialty Center,274
F01291,Healthcare Facility 1291,Agra,Clinic,423
F01292,Healthcare Facility 1292,Morena,Clinic,248
F01293,Healthcare Facility 1293,Jhansi,Diagnostic Center,166
F01294,Healthcare Facility 1294,Jaipur,Clinic,317
F01295,Healthcare Facility 1295,Bhopal,Diagnostic Center,352
F01296,Healthcare Facility 1296,Indore,Diagnostic Center,258
F01297,Healthcare Facility 1297,Agra,Clinic,351
F01298,Healthcare Facility 1298,Agra,Diagnostic Center,452
F01299,Healthcare Facility 1299,Indore,Hospital,418
F01300,Healthcare Facility 1300,Delhi,Hospital,207
F01301,Healthcare Facility 1301,Gwalior,Hospital,343
F01302,Healthcare Facility 1302,Jhansi,Specialty Center,354
F01303,Healthcare Facility 1303,Jaipur,Diagnostic Center,228
F01304,Healthcare Facility 1304,Bhopal,Diagnostic Center,430
F01305,Healthcare Facility 1305,Morena,Hospital,94
F01306,Healthcare Facility 1306,Jaipur,Specialty Center,202
F01307,Healthcare Facility 1307,Indore,Clinic,106
F01308,Healthcare Facility 1308,Morena,Hospital,290
F01309,Healthcare Facility 1309,Delhi,Specialty Center,199
F01310,Healthcare Facility 1310,Jaipur,Clinic,434
F01311,Healthcare Facility 1311,Morena,Specialty Center,264
F01312,Healthcare Facility 1312,Jaipur,Clinic,365
F01313,Healthcare Facility 1313,Agra,Diagnostic Center,26
F01314,Healthcare Facility 1314,Jaipur,Diagnostic Center,288
F01315,Healthcare Facility 1315,Bhopal,Specialty Center,457
F01316,Healthcare Facility 1316,Jaipur,Specialty Center,32
F01317,Healthcare Facility 1317,Morena,Clinic,423
F01318,Healthcare Facility 1318,Bhopal,Specialty Center,245
F01319,Healthcare Facility 1319,Morena,Specialty Center,285
F01320,Healthcare Facility 1320,Jhansi,Clinic,261
F01321,Healthcare Facility 1321,Indore,Clinic,399
F01322,Healthcare Facility 1322,Indore,Diagnostic Center,199
F01323,Healthcare Facility 1323,Gwalior,Hospital,440
F01324,Healthcare Facility 1324,Gwalior,Specialty Center,199
F01325,Healthcare Facility 1325,Bhopal,Clinic,145
F01326,Healthcare Facility 1326,Indore,Diagnostic Center,302
F01327,Healthcare Facility 1327,Gwalior,Hospital,437
F01328,Healthcare Facility 1328,Gwalior,Specialty Center,375
F01329,Healthcare Facility 1329,Agra,Diagnostic Center,209
F01330,Healthcare Facility 1330,Morena,Hospital,35
F01331,Healthcare Facility 1331,Gwalior,Specialty Center,334
F01332,Healthcare Facility 1332,Bhopal,Diagnostic Center,40
F01333,Healthcare Facility 1333,Agra,Specialty Center,35
F01334,Healthcare Facility 1334,Indore,Hospital,484
F01335,Healthcare Facility 1335,Gwalior,Clinic,482
F01336,Healthcare Facility 1336,Jaipur,Diagnostic Center,288
F01337,Healthcare Facility 1337,Indore,Hospital,52
F01338,Healthcare Facility 1338,Bhopal,Specialty Center,201
F01339,Healthcare Facility 1339,Morena,Hospital,88
F01340,Healthcare Facility 1340,Jhansi,Hospital,430
F01341,Healthcare Facility 1341,Indore,Clinic,71
F01342,Healthcare Facility 1342,Jaipur,Diagnostic Center,84
F01343,Healthcare Facility 1343,Indore,Hospital,319
F01344,Healthcare Facility 1344,Gwalior,Clinic,433
F01345,Healthcare Facility 1345,Bhopal,Clinic,426
F01346,Healthcare Facility 1346,Jaipur,Clinic,354
F01347,Healthcare Facility 1347,Jhansi,Specialty Center,247
F01348,Healthcare Facility 1348,Bhopal,Clinic,486
F01349,Healthcare Facility 1349,Delhi,Clinic,241
F01350,Healthcare Facility 1350,Indore,Clinic,291
F01351,Healthcare Facility 1351,Jaipur,Clinic,458
F01352,Healthcare Facility 1352,Bhopal,Diagnostic Center,37
F01353,Healthcare Facility 1353,Jaipur,Diagnostic Center,237
F01354,Healthcare Facility 1354,Delhi,Clinic,292
F01355,Healthcare Facility 1355,Morena,Hospital,478
F01356,Healthcare Facility 1356,Jhansi,Specialty Center,327
F01357,Healthcare Facility 1357,Morena,Hospital,192
F01358,Healthcare Facility 1358,Indore,Hospital,75
F01359,Healthcare Facility 1359,Agra,Clinic,368
F01360,Healthcare Facility 1360,Jaipur,Hospital,457
F01361,Healthcare Facility 1361,Delhi,Diagnostic Center,28
F01362,Healthcare Facility 1362,Jhansi,Diagnostic Center,420
F01363,Healthcare Facility 1363,Bhopal,Specialty Center,302
F01364,Healthcare Facility 1364,Agra,Diagnostic Center,312
F01365,Healthcare Facility 1365,Jaipur,Diagnostic Center,41
F01366,Healthcare Facility 1366,Agra,Clinic,91
F01367,Healthcare Facility 1367,Jhansi,Diagnostic Center,470
F01368,Healthcare Facility 1368,Jaipur,Hospital,441
F01369,Healthcare Facility 1369,Indore,Hospital,374
F01370,Healthcare Facility 1370,Indore,Diagnostic Center,499
F01371,Healthcare Facility 1371,Morena,Specialty Center,347
F01372,Healthcare Facility 1372,Bhopal,Specialty Center,191
F01373,Healthcare Facility 1373,Delhi,Specialty Center,142
F01374,Healthcare Facility 1374,Indore,Diagnostic Center,110
F01375,Healthcare Facility 1375,Morena,Specialty Center,243
F01376,Healthcare Facility 1376,Agra,Diagnostic Center,311
F01377,Healthcare Facility 1377,Gwalior,Hospital,373
F01378,Healthcare Facility 1378,Indore,Specialty Center,271
F01379,Healthcare Facility 1379,Agra,Specialty Center,428
F01380,Healthcare Facility 1380,Jhansi,Specialty Center,498
F01381,Healthcare Facility 1381,Gwalior,Hospital,317
F01382,Healthcare Facility 1382,Jaipur,Diagnostic Center,386
F01383,Healthcare Facility 1383,Morena,Hospital,275
F01384,Healthcare Facility 1384,Jaipur,Hospital,32
F01385,Healthcare Facility 1385,Delhi,Clinic,459
F01386,Healthcare Facility 1386,Bhopal,Specialty Center,354
F01387,Healthcare Facility 1387,Indore,Diagnostic Center,137
F01388,Healthcare Facility 1388,Gwalior,Diagnostic Center,454
F01389,Healthcare Facility 1389,Indore,Clinic,197
F01390,Healthcare Facility 1390,Bhopal,Clinic,480
F01391,Healthcare Facility 1391,Jaipur,Hospital,327
F01392,Healthcare Facility 1392,Morena,Clinic,180
F01393,Healthcare Facility 1393,Morena,Diagnostic Center,114
F01394,Healthcare Facility 1394,Jaipur,Diagnostic Center,428
F01395,Healthcare Facility 1395,Jaipur,Diagnostic Center,387
F01396,Healthcare Facility 1396,Morena,Hospital,333
F01397,Healthcare Facility 1397,Delhi,Specialty Center,187
F01398,Healthcare Facility 1398,Gwalior,Specialty Center,106
F01399,Healthcare Facility 1399,Bhopal,Hospital,441
F01400,Healthcare Facility 1400,Agra,Diagnostic Center,22
F01401,Healthcare Facility 1401,Indore,Diagnostic Center,391
F01402,Healthcare Facility 1402,Jaipur,Hospital,35
F01403,Healthcare Facility 1403,Jaipur,Hospital,149
F01404,Healthcare Facility 1404,Indore,Clinic,42
F01405,Healthcare Facility 1405,Morena,Hospital,117
F01406,Healthcare Facility 1406,Bhopal,Specialty Center,177
F01407,Healthcare Facility 1407,Bhopal,Hospital,258
F01408,Healthcare Facility 1408,Delhi,Diagnostic Center,29
F01409,Healthcare Facility 1409,Gwalior,Diagnostic Center,340
F01410,Healthcare Facility 1410,Delhi,Diagnostic Center,41
F01411,Healthcare Facility 1411,Jhansi,Specialty Center,327
F01412,Healthcare Facility 1412,Delhi,Specialty Center,386
F01413,Healthcare Facility 1413,Jhansi,Clinic,203
F01414,Healthcare Facility 1414,Bhopal,Hospital,436
F01415,Healthcare Facility 1415,Gwalior,Clinic,236
F01416,Healthcare Facility 1416,Gwalior,Hospital,233
F01417,Healthcare Facility 1417,Jhansi,Hospital,355
F01418,Healthcare Facility 1418,Gwalior,Specialty Center,177
F01419,Healthcare Facility 1419,Indore,Diagnostic Center,229
F01420,Healthcare Facility 1420,Morena,Hospital,427
F01421,Healthcare Facility 1421,Gwalior,Specialty Center,152
F01422,Healthcare Facility 1422,Bhopal,Clinic,72
F01423,Healthcare Facility 1423,Indore,Diagnostic Center,248
F01424,Healthcare Facility 1424,Morena,Clinic,202
F01425,Healthcare Facility 1425,Agra,Clinic,42
F01426,Healthcare Facility 1426,Jhansi,Specialty Center,125
F01427,Healthcare Facility 1427,Jaipur,Diagnostic Center,110
F01428,Healthcare Facility 1428,Delhi,Hospital,138
F01429,Healthcare Facility 1429,Gwalior,Clinic,479
F01430,Healthcare Facility 1430,Jhansi,Hospital,157
F01431,Healthcare Facility 1431,Agra,Diagnostic Center,139
F01432,Healthcare Facility 1432,Gwalior,Specialty Center,180
F01433,Healthcare Facility 1433,Delhi,Specialty Center,227
F01434,Healthcare Facility 1434,Bhopal,Specialty Center,368
F01435,Healthcare Facility 1435,Bhopal,Hospital,337
F01436,Healthcare Facility 1436,Delhi,Hospital,357
F01437,Healthcare Facility 1437,Agra,Diagnostic Center,174
F01438,Healthcare Facility 1438,Jhansi,Hospital,282
F01439,Healthcare Facility 1439,Morena,Specialty Center,375
F01440,Healthcare Facility 1440,Jaipur,Clinic,174
F01441,Healthcare Facility 1441,Jaipur,Clinic,349
F01442,Healthcare Facility 1442,Jhansi,Clinic,413
F01443,Healthcare Facility 1443,Jaipur,Specialty Center,478
F01444,Healthcare Facility 1444,Morena,Hospital,332
F01445,Healthcare Facility 1445,Gwalior,Clinic,305
F01446,Healthcare Facility 1446,Jhansi,Hospital,278
F01447,Healthcare Facility 1447,Delhi,Hospital,176
F01448,Healthcare Facility 1448,Delhi,Specialty Center,33
F01449,Healthcare Facility 1449,Morena,Hospital,96
F01450,Healthcare Facility 1450,Agra,Hospital,358
F01451,Healthcare Facility 1451,Jaipur,Specialty Center,428
F01452,Healthcare Facility 1452,Jhansi,Diagnostic Center,413
F01453,Healthcare Facility 1453,Indore,Clinic,354
F01454,Healthcare Facility 1454,Delhi,Clinic,239
F01455,Healthcare Facility 1455,Jhansi,Hospital,251
F01456,Healthcare Facility 1456,Bhopal,Diagnostic Center,452
F01457,Healthcare Facility 1457,Bhopal,Specialty Center,313
F01458,Healthcare Facility 1458,Indore,Hospital,474
F01459,Healthcare Facility 1459,Delhi,Specialty Center,161
F01460,Healthcare Facility 1460,Jaipur,Clinic,270
F01461,Healthcare Facility 1461,Jaipur,Specialty Center,433
F01462,Healthcare Facility 1462,Jaipur,Clinic,315
F01463,Healthcare Facility 1463,Agra,Specialty Center,159
F01464,Healthcare Facility 1464,Bhopal,Specialty Center,495
F01465,Healthcare Facility 1465,Agra,Diagnostic Center,161
F01466,Healthcare Facility 1466,Morena,Specialty Center,148
F01467,Healthcare Facility 1467,Gwalior,Hospital,343
F01468,Healthcare Facility 1468,Jaipur,Diagnostic Center,324
F01469,Healthcare Facility 1469,Morena,Hospital,37
F01470,Healthcare Facility 1470,Gwalior,Specialty Center,262
F01471,Healthcare Facility 1471,Indore,Specialty Center,183
F01472,Healthcare Facility 1472,Bhopal,Diagnostic Center,339
F01473,Healthcare Facility 1473,Gwalior,Clinic,115
F01474,Healthcare Facility 1474,Jhansi,Diagnostic Center,47
F01475,Healthcare Facility 1475,Gwalior,Clinic,495
F01476,Healthcare Facility 1476,Delhi,Clinic,249
F01477,Healthcare Facility 1477,Gwalior,Specialty Center,435
F01478,Healthcare Facility 1478,Delhi,Hospital,475
F01479,Healthcare Facility 1479,Gwalior,Diagnostic Center,44
F01480,Healthcare Facility 1480,Delhi,Diagnostic Center,194
F01481,Healthcare Facility 1481,Bhopal,Specialty Center,423
F01482,Healthcare Facility 1482,Bhopal,Specialty Center,180
F01483,Healthcare Facility 1483,Jhansi,Diagnostic Center,49
F01484,Healthcare Facility 1484,Gwalior,Diagnostic Center,184
F01485,Healthcare Facility 1485,Indore,Hospital,227
F01486,Healthcare Facility 1486,Indore,Specialty Center,456
F01487,Healthcare Facility 1487,Agra,Hospital,492
F01488,Healthcare Facility 1488,Indore,Specialty Center,121
F01489,Healthcare Facility 1489,Jhansi,Specialty Center,392
F01490,Healthcare Facility 1490,Bhopal,Hospital,125
F01491,Healthcare Facility 1491,Morena,Clinic,349
F01492,Healthcare Facility 1492,Indore,Clinic,88
F01493,Healthcare Facility 1493,Morena,Clinic,27
F01494,Healthcare Facility 1494,Delhi,Specialty Center,142
F01495,Healthcare Facility 1495,Agra,Hospital,372
F01496,Healthcare Facility 1496,Jhansi,Clinic,120
F01497,Healthcare Facility 1497,Jhansi,Diagnostic Center,20
F01498,Healthcare Facility 1498,Jaipur,Clinic,370
F01499,Healthcare Facility 1499,Delhi,Hospital,26
F01500,Healthcare Facility 1500,Gwalior,Specialty Center,337
F01501,Healthcare Facility 1501,Indore,Hospital,130
F01502,Healthcare Facility 1502,Jhansi,Specialty Center,362
F01503,Healthcare Facility 1503,Bhopal,Hospital,205
F01504,Healthcare Facility 1504,Agra,Hospital,235
F01505,Healthcare Facility 1505,Delhi,Diagnostic Center,481
F01506,Healthcare Facility 1506,Delhi,Clinic,362
F01507,Healthcare Facility 1507,Morena,Clinic,142
F01508,Healthcare Facility 1508,Gwalior,Hospital,220
F01509,Healthcare Facility 1509,Delhi,Clinic,27
F01510,Healthcare Facility 1510,Jhansi,Diagnostic Center,83
F01511,Healthcare Facility 1511,Morena,Hospital,155
F01512,Healthcare Facility 1512,Agra,Clinic,406
F01513,Healthcare Facility 1513,Delhi,Clinic,402
F01514,Healthcare Facility 1514,Jaipur,Specialty Center,205
F01515,Healthcare Facility 1515,Jaipur,Clinic,146
F01516,Healthcare Facility 1516,Morena,Clinic,435
F01517,Healthcare Facility 1517,Jaipur,Specialty Center,391
F01518,Healthcare Facility 1518,Jhansi,Hospital,471
F01519,Healthcare Facility 1519,Gwalior,Hospital,68
F01520,Healthcare Facility 1520,Jhansi,Diagnostic Center,185
F01521,Healthcare Facility 1521,Bhopal,Specialty Center,405
F01522,Healthcare Facility 1522,Jaipur,Hospital,146
F01523,Healthcare Facility 1523,Jhansi,Clinic,412
F01524,Healthcare Facility 1524,Agra,Clinic,321
F01525,Healthcare Facility 1525,Delhi,Clinic,340
F01526,Healthcare Facility 1526,Jhansi,Diagnostic Center,196
F01527,Healthcare Facility 1527,Morena,Hospital,222
F01528,Healthcare Facility 1528,Delhi,Specialty Center,176
F01529,Healthcare Facility 1529,Bhopal,Hospital,365
F01530,Healthcare Facility 1530,Jhansi,Specialty Center,238
F01531,Healthcare Facility 1531,Delhi,Specialty Center,304
F01532,Healthcare Facility 1532,Delhi,Hospital,308
F01533,Healthcare Facility 1533,Morena,Clinic,47
F01534,Healthcare Facility 1534,Jhansi,Clinic,370
F01535,Healthcare Facility 1535,Bhopal,Specialty Center,102
F01536,Healthcare Facility 1536,Agra,Clinic,131
F01537,Healthcare Facility 1537,Morena,Diagnostic Center,173
F01538,Healthcare Facility 1538,Indore,Diagnostic Center,389
F01539,Healthcare Facility 1539,Bhopal,Specialty Center,48
F01540,Healthcare Facility 1540,Bhopal,Clinic,414
F01541,Healthcare Facility 1541,Delhi,Specialty Center,499
F01542,Healthcare Facility 1542,Gwalior,Diagnostic Center,232
F01543,Healthcare Facility 1543,Gwalior,Diagnostic Center,121
F01544,Healthcare Facility 1544,Jhansi,Diagnostic Center,437
F01545,Healthcare Facility 1545,Agra,Hospital,379
F01546,Healthcare Facility 1546,Delhi,Diagnostic Center,233
F01547,Healthcare Facility 1547,Gwalior,Clinic,323
F01548,Healthcare Facility 1548,Morena,Hospital,174
F01549,Healthcare Facility 1549,Jhansi,Diagnostic Center,399
F01550,Healthcare Facility 1550,Agra,Clinic,219
F01551,Healthcare Facility 1551,Delhi,Diagnostic Center,187
F01552,Healthcare Facility 1552,Jaipur,Clinic,257
F01553,Healthcare Facility 1553,Morena,Clinic,178
F01554,Healthcare Facility 1554,Gwalior,Diagnostic Center,212
F01555,Healthcare Facility 1555,Gwalior,Diagnostic Center,186
F01556,Healthcare Facility 1556,Gwalior,Hospital,245
F01557,Healthcare Facility 1557,Gwalior,Diagnostic Center,386
F01558,Healthcare Facility 1558,Bhopal,Clinic,270
F01559,Healthcare Facility 1559,Jaipur,Specialty Center,299
F01560,Healthcare Facility 1560,Agra,Hospital,495
F01561,Healthcare Facility 1561,Agra,Clinic,471
F01562,Healthcare Facility 1562,Gwalior,Clinic,485
F01563,Healthcare Facility 1563,Agra,Specialty Center,240
F01564,Healthcare Facility 1564,Jaipur,Diagnostic Center,42
F01565,Healthcare Facility 1565,Morena,Clinic,208
F01566,Healthcare Facility 1566,Morena,Specialty Center,430
F01567,Healthcare Facility 1567,Indore,Specialty Center,291
F01568,Healthcare Facility 1568,Agra,Diagnostic Center,448
F01569,Healthcare Facility 1569,Gwalior,Specialty Center,46
F01570,Healthcare Facility 1570,Delhi,Specialty Center,476
F01571,Healthcare Facility 1571,Jaipur,Specialty Center,408
F01572,Healthcare Facility 1572,Gwalior,Specialty Center,462
F01573,Healthcare Facility 1573,Bhopal,Specialty Center,475
F01574,Healthcare Facility 1574,Jhansi,Specialty Center,229
F01575,Healthcare Facility 1575,Delhi,Clinic,54
F01576,Healthcare Facility 1576,Jaipur,Hospital,217
F01577,Healthcare Facility 1577,Bhopal,Diagnostic Center,490
F01578,Healthcare Facility 1578,Agra,Hospital,193
F01579,Healthcare Facility 1579,Bhopal,Diagnostic Center,237
F01580,Healthcare Facility 1580,Agra,Hospital,75
F01581,Healthcare Facility 1581,Bhopal,Diagnostic Center,402
F01582,Healthcare Facility 1582,Delhi,Specialty Center,171
F01583,Healthcare Facility 1583,Bhopal,Hospital,413
F01584,Healthcare Facility 1584,Gwalior,Hospital,482
F01585,Healthcare Facility 1585,Agra,Diagnostic Center,57
F01586,Healthcare Facility 1586,Morena,Diagnostic Center,487
F01587,Healthcare Facility 1587,Bhopal,Clinic,496
F01588,Healthcare Facility 1588,Agra,Specialty Center,217
F01589,Healthcare Facility 1589,Morena,Specialty Center,451
F01590,Healthcare Facility 1590,Agra,Clinic,28
F01591,Healthcare Facility 1591,Jhansi,Diagnostic Center,197
F01592,Healthcare Facility 1592,Indore,Specialty Center,344
F01593,Healthcare Facility 1593,Agra,Diagnostic Center,195
F01594,Healthcare Facility 1594,Jhansi,Specialty Center,442
F01595,Healthcare Facility 1595,Morena,Hospital,486
F01596,Healthcare Facility 1596,Morena,Hospital,280
F01597,Healthcare Facility 1597,Delhi,Specialty Center,103
F01598,Healthcare Facility 1598,Jaipur,Specialty Center,158
F01599,Healthcare Facility 1599,Indore,Specialty Center,261
F01600,Healthcare Facility 1600,Bhopal,Clinic,335
F01601,Healthcare Facility 1601,Bhopal,Specialty Center,174
F01602,Healthcare Facility 1602,Indore,Clinic,240
F01603,Healthcare Facility 1603,Agra,Clinic,154
F01604,Healthcare Facility 1604,Indore,Hospital,207
F01605,Healthcare Facility 1605,Gwalior,Specialty Center,197
F01606,Healthcare Facility 1606,Jhansi,Hospital,86
F01607,Healthcare Facility 1607,Gwalior,Hospital,88
F01608,Healthcare Facility 1608,Jaipur,Clinic,458
F01609,Healthcare Facility 1609,Agra,Diagnostic Center,96
F01610,Healthcare Facility 1610,Delhi,Clinic,419
F01611,Healthcare Facility 1611,Morena,Hospital,393
F01612,Healthcare Facility 1612,Agra,Clinic,31
F01613,Healthcare Facility 1613,Jhansi,Clinic,302
F01614,Healthcare Facility 1614,Bhopal,Clinic,265
F01615,Healthcare Facility 1615,Gwalior,Specialty Center,256
F01616,Healthcare Facility 1616,Jhansi,Clinic,271
F01617,Healthcare Facility 1617,Gwalior,Hospital,436
F01618,Healthcare Facility 1618,Gwalior,Clinic,226
F01619,Healthcare Facility 1619,Delhi,Specialty Center,360
F01620,Healthcare Facility 1620,Bhopal,Hospital,127
F01621,Healthcare Facility 1621,Delhi,Clinic,228
F01622,Healthcare Facility 1622,Morena,Hospital,330
F01623,Healthcare Facility 1623,Agra,Specialty Center,327
F01624,Healthcare Facility 1624,Agra,Diagnostic Center,312
F01625,Healthcare Facility 1625,Indore,Specialty Center,132
F01626,Healthcare Facility 1626,Gwalior,Specialty Center,395
F01627,Healthcare Facility 1627,Indore,Hospital,34
F01628,Healthcare Facility 1628,Gwalior,Hospital,359
F01629,Healthcare Facility 1629,Morena,Diagnostic Center,102
F01630,Healthcare Facility 1630,Jhansi,Diagnostic Center,84
F01631,Healthcare Facility 1631,Delhi,Diagnostic Center,471
F01632,Healthcare Facility 1632,Jaipur,Specialty Center,22
F01633,Healthcare Facility 1633,Jaipur,Specialty Center,475
F01634,Healthcare Facility 1634,Jaipur,Diagnostic Center,380
F01635,Healthcare Facility 1635,Bhopal,Diagnostic Center,255
F01636,Healthcare Facility 1636,Morena,Diagnostic Center,408
F01637,Healthcare Facility 1637,Agra,Clinic,412
F01638,Healthcare Facility 1638,Agra,Clinic,148
F01639,Healthcare Facility 1639,Delhi,Diagnostic Center,266
F01640,Healthcare Facility 1640,Indore,Specialty Center,254
F01641,Healthcare Facility 1641,Morena,Hospital,49
F01642,Healthcare Facility 1642,Bhopal,Specialty Center,90
F01643,Healthcare Facility 1643,Morena,Hospital,489
F01644,Healthcare Facility 1644,Morena,Diagnostic Center,167
F01645,Healthcare Facility 1645,Delhi,Clinic,112
F01646,Healthcare Facility 1646,Jhansi,Clinic,302
F01647,Healthcare Facility 1647,Bhopal,Hospital,236
F01648,Healthcare Facility 1648,Jaipur,Diagnostic Center,257
F01649,Healthcare Facility 1649,Agra,Clinic,246
F01650,Healthcare Facility 1650,Jhansi,Diagnostic Center,238
F01651,Healthcare Facility 1651,Gwalior,Diagnostic Center,338
F01652,Healthcare Facility 1652,Indore,Hospital,478
F01653,Healthcare Facility 1653,Jaipur,Diagnostic Center,356
F01654,Healthcare Facility 1654,Bhopal,Diagnostic Center,50
F01655,Healthcare Facility 1655,Agra,Hospital,485
F01656,Healthcare Facility 1656,Jaipur,Clinic,422
F01657,Healthcare Facility 1657,Jhansi,Specialty Center,133
F01658,Healthcare Facility 1658,Jhansi,Diagnostic Center,121
F01659,Healthcare Facility 1659,Delhi,Hospital,112
F01660,Healthcare Facility 1660,Indore,Clinic,226
F01661,Healthcare Facility 1661,Bhopal,Diagnostic Center,465
F01662,Healthcare Facility 1662,Bhopal,Specialty Center,410
F01663,Healthcare Facility 1663,Agra,Clinic,248
F01664,Healthcare Facility 1664,Agra,Hospital,440
F01665,Healthcare Facility 1665,Morena,Diagnostic Center,90
F01666,Healthcare Facility 1666,Jhansi,Hospital,361
F01667,Healthcare Facility 1667,Morena,Specialty Center,479
F01668,Healthcare Facility 1668,Bhopal,Specialty Center,155
F01669,Healthcare Facility 1669,Gwalior,Hospital,460
F01670,Healthcare Facility 1670,Delhi,Diagnostic Center,485
F01671,Healthcare Facility 1671,Agra,Hospital,303
F01672,Healthcare Facility 1672,Morena,Clinic,357
F01673,Healthcare Facility 1673,Delhi,Hospital,370
F01674,Healthcare Facility 1674,Indore,Specialty Center,36
F01675,Healthcare Facility 1675,Jaipur,Diagnostic Center,234
F01676,Healthcare Facility 1676,Jaipur,Diagnostic Center,414
F01677,Healthcare Facility 1677,Jhansi,Specialty Center,418
F01678,Healthcare Facility 1678,Bhopal,Specialty Center,433
F01679,Healthcare Facility 1679,Agra,Clinic,263
F01680,Healthcare Facility 1680,Jhansi,Specialty Center,114
F01681,Healthcare Facility 1681,Jaipur,Specialty Center,140
F01682,Healthcare Facility 1682,Indore,Specialty Center,25
F01683,Healthcare Facility 1683,Agra,Diagnostic Center,287
F01684,Healthcare Facility 1684,Morena,Specialty Center,106
F01685,Healthcare Facility 1685,Jaipur,Hospital,208
F01686,Healthcare Facility 1686,Gwalior,Hospital,122
F01687,Healthcare Facility 1687,Jaipur,Diagnostic Center,123
F01688,Healthcare Facility 1688,Agra,Clinic,439
F01689,Healthcare Facility 1689,Gwalior,Clinic,310
F01690,Healthcare Facility 1690,Delhi,Diagnostic Center,86
F01691,Healthcare Facility 1691,Jaipur,Hospital,125
F01692,Healthcare Facility 1692,Agra,Diagnostic Center,267
F01693,Healthcare Facility 1693,Jaipur,Specialty Center,367
F01694,Healthcare Facility 1694,Jaipur,Diagnostic Center,226
F01695,Healthcare Facility 1695,Agra,Clinic,224
F01696,Healthcare Facility 1696,Gwalior,Hospital,338
F01697,Healthcare Facility 1697,Morena,Clinic,102
F01698,Healthcare Facility 1698,Indore,Clinic,443
F01699,Healthcare Facility 1699,Jaipur,Hospital,101
F01700,Healthcare Facility 1700,Bhopal,Specialty Center,306
F01701,Healthcare Facility 1701,Delhi,Hospital,56
F01702,Healthcare Facility 1702,Agra,Hospital,232
F01703,Healthcare Facility 1703,Jaipur,Diagnostic Center,152
F01704,Healthcare Facility 1704,Indore,Hospital,134
F01705,Healthcare Facility 1705,Morena,Diagnostic Center,396
F01706,Healthcare Facility 1706,Agra,Clinic,484
F01707,Healthcare Facility 1707,Jhansi,Hospital,230
F01708,Healthcare Facility 1708,Jaipur,Specialty Center,151
F01709,Healthcare Facility 1709,Delhi,Diagnostic Center,393
F01710,Healthcare Facility 1710,Bhopal,Diagnostic Center,173
F01711,Healthcare Facility 1711,Agra,Specialty Center,427
F01712,Healthcare Facility 1712,Jaipur,Diagnostic Center,442
F01713,Healthcare Facility 1713,Gwalior,Diagnostic Center,459
F01714,Healthcare Facility 1714,Morena,Specialty Center,457
F01715,Healthcare Facility 1715,Bhopal,Clinic,313
F01716,Healthcare Facility 1716,Agra,Hospital,385
F01717,Healthcare Facility 1717,Jaipur,Hospital,201
F01718,Healthcare Facility 1718,Bhopal,Hospital,166
F01719,Healthcare Facility 1719,Gwalior,Hospital,241
F01720,Healthcare Facility 1720,Agra,Hospital,301
F01721,Healthcare Facility 1721,Jhansi,Hospital,146
F01722,Healthcare Facility 1722,Bhopal,Diagnostic Center,327
F01723,Healthcare Facility 1723,Agra,Hospital,222
F01724,Healthcare Facility 1724,Jhansi,Diagnostic Center,137
F01725,Healthcare Facility 1725,Agra,Specialty Center,80
F01726,Healthcare Facility 1726,Bhopal,Clinic,250
F01727,Healthcare Facility 1727,Agra,Diagnostic Center,470
F01728,Healthcare Facility 1728,Gwalior,Clinic,169
F01729,Healthcare Facility 1729,Bhopal,Specialty Center,164
F01730,Healthcare Facility 1730,Jaipur,Hospital,414
F01731,Healthcare Facility 1731,Indore,Clinic,130
F01732,Healthcare Facility 1732,Bhopal,Clinic,186
F01733,Healthcare Facility 1733,Gwalior,Specialty Center,208
F01734,Healthcare Facility 1734,Gwalior,Specialty Center,494
F01735,Healthcare Facility 1735,Gwalior,Specialty Center,68
F01736,Healthcare Facility 1736,Jhansi,Diagnostic Center,126
F01737,Healthcare Facility 1737,Jaipur,Diagnostic Center,112
F01738,Healthcare Facility 1738,Jaipur,Clinic,143
F01739,Healthcare Facility 1739,Indore,Specialty Center,336
F01740,Healthcare Facility 1740,Indore,Clinic,159
F01741,Healthcare Facility 1741,Agra,Hospital,416
F01742,Healthcare Facility 1742,Agra,Specialty Center,333
F01743,Healthcare Facility 1743,Delhi,Diagnostic Center,30
F01744,Healthcare Facility 1744,Indore,Specialty Center,467
F01745,Healthcare Facility 1745,Indore,Clinic,434
F01746,Healthcare Facility 1746,Agra,Diagnostic Center,414
F01747,Healthcare Facility 1747,Gwalior,Hospital,397
F01748,Healthcare Facility 1748,Delhi,Hospital,380
F01749,Healthcare Facility 1749,Indore,Clinic,190
F01750,Healthcare Facility 1750,Gwalior,Specialty Center,55
F01751,Healthcare Facility 1751,Morena,Hospital,149
F01752,Healthcare Facility 1752,Jhansi,Clinic,362
F01753,Healthcare Facility 1753,Indore,Diagnostic Center,80
F01754,Healthcare Facility 1754,Jaipur,Diagnostic Center,439
F01755,Healthcare Facility 1755,Bhopal,Clinic,353
F01756,Healthcare Facility 1756,Morena,Specialty Center,68
F01757,Healthcare Facility 1757,Jaipur,Specialty Center,430
F01758,Healthcare Facility 1758,Jaipur,Specialty Center,415
F01759,Healthcare Facility 1759,Jhansi,Specialty Center,205
F01760,Healthcare Facility 1760,Gwalior,Clinic,240
F01761,Healthcare Facility 1761,Agra,Clinic,25
F01762,Healthcare Facility 1762,Bhopal,Diagnostic Center,319
F01763,Healthcare Facility 1763,Agra,Diagnostic Center,194
F01764,Healthcare Facility 1764,Agra,Specialty Center,298
F01765,Healthcare Facility 1765,Indore,Hospital,390
F01766,Healthcare Facility 1766,Bhopal,Hospital,477
F01767,Healthcare Facility 1767,Bhopal,Diagnostic Center,373
F01768,Healthcare Facility 1768,Morena,Diagnostic Center,383
F01769,Healthcare Facility 1769,Gwalior,Clinic,223
F01770,Healthcare Facility 1770,Agra,Diagnostic Center,115
F01771,Healthcare Facility 1771,Jhansi,Diagnostic Center,301
F01772,Healthcare Facility 1772,Gwalior,Specialty Center,154
F01773,Healthcare Facility 1773,Gwalior,Hospital,435
F01774,Healthcare Facility 1774,Jhansi,Hospital,52
F01775,Healthcare Facility 1775,Indore,Clinic,101
F01776,Healthcare Facility 1776,Delhi,Hospital,167
F01777,Healthcare Facility 1777,Morena,Specialty Center,114
F01778,Healthcare Facility 1778,Agra,Specialty Center,472
F01779,Healthcare Facility 1779,Jaipur,Clinic,499
F01780,Healthcare Facility 1780,Bhopal,Diagnostic Center,455
F01781,Healthcare Facility 1781,Bhopal,Diagnostic Center,189
F01782,Healthcare Facility 1782,Gwalior,Specialty Center,230
F01783,Healthcare Facility 1783,Jhansi,Clinic,404
F01784,Healthcare Facility 1784,Morena,Specialty Center,210
F01785,Healthcare Facility 1785,Morena,Hospital,26
F01786,Healthcare Facility 1786,Agra,Hospital,399
F01787,Healthcare Facility 1787,Agra,Specialty Center,333
F01788,Healthcare Facility 1788,Gwalior,Diagnostic Center,361
F01789,Healthcare Facility 1789,Gwalior,Hospital,453
F01790,Healthcare Facility 1790,Gwalior,Clinic,53
F01791,Healthcare Facility 1791,Delhi,Diagnostic Center,70
F01792,Healthcare Facility 1792,Morena,Hospital,139
F01793,Healthcare Facility 1793,Gwalior,Specialty Center,157
F01794,Healthcare Facility 1794,Indore,Diagnostic Center,386
F01795,Healthcare Facility 1795,Morena,Diagnostic Center,125
F01796,Healthcare Facility 1796,Jaipur,Hospital,301
F01797,Healthcare Facility 1797,Bhopal,Clinic,51
F01798,Healthcare Facility 1798,Bhopal,Hospital,143
F01799,Healthcare Facility 1799,Morena,Hospital,189
F01800,Healthcare Facility 1800,Jaipur,Hospital,494
F01801,Healthcare Facility 1801,Bhopal,Hospital,465
F01802,Healthcare Facility 1802,Bhopal,Hospital,31
F01803,Healthcare Facility 1803,Bhopal,Specialty Center,187
F01804,Healthcare Facility 1804,Agra,Hospital,362
F01805,Healthcare Facility 1805,Jaipur,Clinic,97
F01806,Healthcare Facility 1806,Jhansi,Diagnostic Center,53
F01807,Healthcare Facility 1807,Agra,Specialty Center,228
F01808,Healthcare Facility 1808,Morena,Clinic,345
F01809,Healthcare Facility 1809,Morena,Hospital,430
F01810,Healthcare Facility 1810,Delhi,Clinic,27
F01811,Healthcare Facility 1811,Jhansi,Diagnostic Center,244
F01812,Healthcare Facility 1812,Agra,Clinic,246
F01813,Healthcare Facility 1813,Morena,Hospital,194
F01814,Healthcare Facility 1814,Jhansi,Diagnostic Center,100
F01815,Healthcare Facility 1815,Agra,Hospital,301
F01816,Healthcare Facility 1816,Delhi,Hospital,76
F01817,Healthcare Facility 1817,Morena,Specialty Center,154
F01818,Healthcare Facility 1818,Morena,Diagnostic Center,257
F01819,Healthcare Facility 1819,Morena,Diagnostic Center,491
F01820,Healthcare Facility 1820,Morena,Hospital,236
F01821,Healthcare Facility 1821,Gwalior,Clinic,246
F01822,Healthcare Facility 1822,Jaipur,Diagnostic Center,45
F01823,Healthcare Facility 1823,Jaipur,Clinic,206
F01824,Healthcare Facility 1824,Agra,Clinic,389
F01825,Healthcare Facility 1825,Agra,Diagnostic Center,137
F01826,Healthcare Facility 1826,Jhansi,Clinic,216
F01827,Healthcare Facility 1827,Jhansi,Diagnostic Center,135
F01828,Healthcare Facility 1828,Agra,Specialty Center,322
F01829,Healthcare Facility 1829,Delhi,Diagnostic Center,121
F01830,Healthcare Facility 1830,Indore,Diagnostic Center,399
F01831,Healthcare Facility 1831,Gwalior,Diagnostic Center,182
F01832,Healthcare Facility 1832,Indore,Specialty Center,433
F01833,Healthcare Facility 1833,Agra,Clinic,197
F01834,Healthcare Facility 1834,Jhansi,Specialty Center,492
F01835,Healthcare Facility 1835,Jhansi,Clinic,299
F01836,Healthcare Facility 1836,Agra,Diagnostic Center,305
F01837,Healthcare Facility 1837,Morena,Diagnostic Center,231
F01838,Healthcare Facility 1838,Jhansi,Specialty Center,73
F01839,Healthcare Facility 1839,Indore,Specialty Center,86
F01840,Healthcare Facility 1840,Jhansi,Specialty Center,51
F01841,Healthcare Facility 1841,Morena,Specialty Center,270
F01842,Healthcare Facility 1842,Jhansi,Diagnostic Center,27
F01843,Healthcare Facility 1843,Indore,Diagnostic Center,453
F01844,Healthcare Facility 1844,Indore,Hospital,450
F01845,Healthcare Facility 1845,Morena,Specialty Center,234
F01846,Healthcare Facility 1846,Agra,Specialty Center,65
F01847,Healthcare Facility 1847,Morena,Clinic,99
F01848,Healthcare Facility 1848,Agra,Clinic,54
F01849,Healthcare Facility 1849,Indore,Diagnostic Center,208
F01850,Healthcare Facility 1850,Delhi,Hospital,108
F01851,Healthcare Facility 1851,Delhi,Specialty Center,354
F01852,Healthcare Facility 1852,Bhopal,Hospital,454
F01853,Healthcare Facility 1853,Jhansi,Hospital,466
F01854,Healthcare Facility 1854,Gwalior,Diagnostic Center,155
F01855,Healthcare Facility 1855,Morena,Hospital,53
F01856,Healthcare Facility 1856,Jaipur,Specialty Center,300
F01857,Healthcare Facility 1857,Morena,Diagnostic Center,132
F01858,Healthcare Facility 1858,Gwalior,Hospital,191
F01859,Healthcare Facility 1859,Jhansi,Diagnostic Center,358
F01860,Healthcare Facility 1860,Jhansi,Diagnostic Center,62
F01861,Healthcare Facility 1861,Indore,Clinic,401
F01862,Healthcare Facility 1862,Gwalior,Diagnostic Center,453
F01863,Healthcare Facility 1863,Indore,Hospital,32
F01864,Healthcare Facility 1864,Bhopal,Clinic,193
F01865,Healthcare Facility 1865,Gwalior,Specialty Center,144
F01866,Healthcare Facility 1866,Agra,Specialty Center,351
F01867,Healthcare Facility 1867,Morena,Specialty Center,226
F01868,Healthcare Facility 1868,Gwalior,Specialty Center,362
F01869,Healthcare Facility 1869,Agra,Specialty Center,456
F01870,Healthcare Facility 1870,Gwalior,Hospital,466
F01871,Healthcare Facility 1871,Jaipur,Diagnostic Center,123
F01872,Healthcare Facility 1872,Agra,Clinic,149
F01873,Healthcare Facility 1873,Delhi,Diagnostic Center,59
F01874,Healthcare Facility 1874,Jhansi,Diagnostic Center,42
F01875,Healthcare Facility 1875,Agra,Hospital,271
F01876,Healthcare Facility 1876,Bhopal,Hospital,462
F01877,Healthcare Facility 1877,Indore,Hospital,344
F01878,Healthcare Facility 1878,Agra,Clinic,309
F01879,Healthcare Facility 1879,Gwalior,Hospital,221
F01880,Healthcare Facility 1880,Delhi,Diagnostic Center,174
F01881,Healthcare Facility 1881,Jhansi,Clinic,74
F01882,Healthcare Facility 1882,Jhansi,Hospital,125
F01883,Healthcare Facility 1883,Delhi,Hospital,279
F01884,Healthcare Facility 1884,Agra,Hospital,471
F01885,Healthcare Facility 1885,Gwalior,Diagnostic Center,219
F01886,Healthcare Facility 1886,Jhansi,Hospital,345
F01887,Healthcare Facility 1887,Delhi,Diagnostic Center,236
F01888,Healthcare Facility 1888,Jaipur,Clinic,430
F01889,Healthcare Facility 1889,Agra,Hospital,66
F01890,Healthcare Facility 1890,Agra,Specialty Center,389
F01891,Healthcare Facility 1891,Indore,Specialty Center,136
F01892,Healthcare Facility 1892,Jhansi,Diagnostic Center,393
F01893,Healthcare Facility 1893,Jhansi,Hospital,443
F01894,Healthcare Facility 1894,Jhansi,Hospital,231
F01895,Healthcare Facility 1895,Agra,Specialty Center,174
F01896,Healthcare Facility 1896,Delhi,Clinic,282
F01897,Healthcare Facility 1897,Morena,Clinic,170
F01898,Healthcare Facility 1898,Gwalior,Diagnostic Center,231
F01899,Healthcare Facility 1899,Bhopal,Specialty Center,211
F01900,Healthcare Facility 1900,Bhopal,Diagnostic Center,388
F01901,Healthcare Facility 1901,Jhansi,Diagnostic Center,262
F01902,Healthcare Facility 1902,Gwalior,Clinic,117
F01903,Healthcare Facility 1903,Morena,Specialty Center,48
F01904,Healthcare Facility 1904,Indore,Diagnostic Center,208
F01905,Healthcare Facility 1905,Indore,Clinic,191
F01906,Healthcare Facility 1906,Indore,Clinic,390
F01907,Healthcare Facility 1907,Indore,Hospital,216
F01908,Healthcare Facility 1908,Gwalior,Specialty Center,174
F01909,Healthcare Facility 1909,Agra,Specialty Center,159
F01910,Healthcare Facility 1910,Jaipur,Hospital,420
F01911,Healthcare Facility 1911,Gwalior,Diagnostic Center,312
F01912,Healthcare Facility 1912,Gwalior,Clinic,309
F01913,Healthcare Facility 1913,Jaipur,Clinic,275
F01914,Healthcare Facility 1914,Delhi,Clinic,497
F01915,Healthcare Facility 1915,Bhopal,Hospital,183
F01916,Healthcare Facility 1916,Jhansi,Clinic,153
F01917,Healthcare Facility 1917,Bhopal,Diagnostic Center,371
F01918,Healthcare Facility 1918,Jhansi,Diagnostic Center,435
F01919,Healthcare Facility 1919,Agra,Hospital,348
F01920,Healthcare Facility 1920,Jaipur,Diagnostic Center,397
F01921,Healthcare Facility 1921,Indore,Specialty Center,425
F01922,Healthcare Facility 1922,Indore,Specialty Center,285
F01923,Healthcare Facility 1923,Agra,Clinic,48
F01924,Healthcare Facility 1924,Delhi,Clinic,158
F01925,Healthcare Facility 1925,Agra,Specialty Center,367
F01926,Healthcare Facility 1926,Jaipur,Diagnostic Center,469
F01927,Healthcare Facility 1927,Jaipur,Hospital,331
F01928,Healthcare Facility 1928,Morena,Clinic,104
F01929,Healthcare Facility 1929,Delhi,Clinic,268
F01930,Healthcare Facility 1930,Jaipur,Specialty Center,370
F01931,Healthcare Facility 1931,Jaipur,Specialty Center,333
F01932,Healthcare Facility 1932,Delhi,Hospital,252
F01933,Healthcare Facility 1933,Indore,Clinic,327
F01934,Healthcare Facility 1934,Gwalior,Diagnostic Center,80
F01935,Healthcare Facility 1935,Indore,Diagnostic Center,292
F01936,Healthcare Facility 1936,Gwalior,Specialty Center,238
F01937,Healthcare Facility 1937,Morena,Hospital,305
F01938,Healthcare Facility 1938,Indore,Specialty Center,268
F01939,Healthcare Facility 1939,Jaipur,Hospital,91
F01940,Healthcare Facility 1940,Delhi,Diagnostic Center,312
F01941,Healthcare Facility 1941,Delhi,Hospital,408
F01942,Healthcare Facility 1942,Jhansi,Diagnostic Center,429
F01943,Healthcare Facility 1943,Gwalior,Hospital,217
F01944,Healthcare Facility 1944,Indore,Specialty Center,99
F01945,Healthcare Facility 1945,Bhopal,Diagnostic Center,404
F01946,Healthcare Facility 1946,Bhopal,Clinic,156
F01947,Healthcare Facility 1947,Jaipur,Clinic,232
F01948,Healthcare Facility 1948,Gwalior,Diagnostic Center,346
F01949,Healthcare Facility 1949,Jaipur,Clinic,126
F01950,Healthcare Facility 1950,Agra,Diagnostic Center,467
F01951,Healthcare Facility 1951,Delhi,Specialty Center,226
F01952,Healthcare Facility 1952,Indore,Specialty Center,171
F01953,Healthcare Facility 1953,Indore,Hospital,152
F01954,Healthcare Facility 1954,Jaipur,Clinic,454
F01955,Healthcare Facility 1955,Morena,Clinic,185
F01956,Healthcare Facility 1956,Indore,Clinic,432
F01957,Healthcare Facility 1957,Bhopal,Diagnostic Center,449
F01958,Healthcare Facility 1958,Jaipur,Specialty Center,199
F01959,Healthcare Facility 1959,Agra,Clinic,140
F01960,Healthcare Facility 1960,Delhi,Hospital,193
F01961,Healthcare Facility 1961,Jhansi,Clinic,350
F01962,Healthcare Facility 1962,Indore,Hospital,87
F01963,Healthcare Facility 1963,Jhansi,Clinic,206
F01964,Healthcare Facility 1964,Agra,Clinic,157
F01965,Healthcare Facility 1965,Jhansi,Specialty Center,373
F01966,Healthcare Facility 1966,Jaipur,Hospital,407
F01967,Healthcare Facility 1967,Delhi,Clinic,327
F01968,Healthcare Facility 1968,Delhi,Hospital,349
F01969,Healthcare Facility 1969,Gwalior,Hospital,257
F01970,Healthcare Facility 1970,Gwalior,Specialty Center,37
F01971,Healthcare Facility 1971,Jhansi,Specialty Center,95
F01972,Healthcare Facility 1972,Morena,Hospital,454
F01973,Healthcare Facility 1973,Morena,Specialty Center,170
F01974,Healthcare Facility 1974,Indore,Clinic,127
F01975,Healthcare Facility 1975,Jhansi,Clinic,172
F01976,Healthcare Facility 1976,Agra,Specialty Center,335
F01977,Healthcare Facility 1977,Gwalior,Hospital,56
F01978,Healthcare Facility 1978,Delhi,Clinic,471
F01979,Healthcare Facility 1979,Gwalior,Diagnostic Center,352
F01980,Healthcare Facility 1980,Jhansi,Hospital,165
F01981,Healthcare Facility 1981,Delhi,Hospital,145
F01982,Healthcare Facility 1982,Gwalior,Diagnostic Center,304
F01983,Healthcare Facility 1983,Delhi,Diagnostic Center,127
F01984,Healthcare Facility 1984,Jhansi,Hospital,305
F01985,Healthcare Facility 1985,Agra,Diagnostic Center,259
F01986,Healthcare Facility 1986,Gwalior,Specialty Center,394
F01987,Healthcare Facility 1987,Bhopal,Specialty Center,121
F01988,Healthcare Facility 1988,Bhopal,Hospital,239
F01989,Healthcare Facility 1989,Delhi,Specialty Center,26
F01990,Healthcare Facility 1990,Agra,Clinic,235
F01991,Healthcare Facility 1991,Delhi,Specialty Center,188
F01992,Healthcare Facility 1992,Agra,Specialty Center,93
F01993,Healthcare Facility 1993,Jhansi,Diagnostic Center,312
F01994,Healthcare Facility 1994,Morena,Specialty Center,46
F01995,Healthcare Facility 1995,Gwalior,Hospital,296
F01996,Healthcare Facility 1996,Agra,Specialty Center,62
F01997,Healthcare Facility 1997,Jhansi,Specialty Center,326
F01998,Healthcare Facility 1998,Delhi,Hospital,112
F01999,Healthcare Facility 1999,Indore,Hospital,90
F02000,Healthcare Facility 2000,Indore,Diagnostic Center,288
